julian,larva_frac,site
1,0,Foote
2,0,Foote
3,0,Foote
4,0,Foote
5,0,Foote
6,0,Foote
7,0,Foote
8,0,Foote
9,0,Foote
10,0,Foote
11,0,Foote
12,0,Foote
13,0,Foote
14,0,Foote
15,0,Foote
16,0,Foote
17,0,Foote
18,0,Foote
19,0,Foote
20,0,Foote
21,0,Foote
22,0,Foote
23,0,Foote
24,0,Foote
25,0,Foote
26,0,Foote
27,0,Foote
28,0,Foote
29,0,Foote
30,0,Foote
31,0,Foote
32,0,Foote
33,0,Foote
34,0,Foote
35,0,Foote
36,0,Foote
37,0,Foote
38,0,Foote
39,0,Foote
40,0,Foote
41,0,Foote
42,0,Foote
43,0,Foote
44,0,Foote
45,0,Foote
46,0,Foote
47,0,Foote
48,0,Foote
49,0,Foote
50,0,Foote
51,0,Foote
52,0,Foote
53,0,Foote
54,0,Foote
55,0,Foote
56,0,Foote
57,0,Foote
58,0,Foote
59,0,Foote
60,0,Foote
61,0,Foote
62,0,Foote
63,0,Foote
64,0,Foote
65,0,Foote
66,0,Foote
67,0,Foote
68,0,Foote
69,0,Foote
70,0,Foote
71,0,Foote
72,0,Foote
73,0,Foote
74,0,Foote
75,0,Foote
76,0,Foote
77,0,Foote
78,0,Foote
79,0,Foote
80,0,Foote
81,0,Foote
82,0,Foote
83,0,Foote
84,0,Foote
85,0,Foote
86,0,Foote
87,0,Foote
88,0,Foote
89,0,Foote
90,0,Foote
91,0,Foote
92,0,Foote
93,0,Foote
94,0,Foote
95,0,Foote
96,0,Foote
97,0,Foote
98,0,Foote
99,0,Foote
100,0,Foote
101,0,Foote
102,0,Foote
103,0,Foote
104,0,Foote
105,0,Foote
106,0,Foote
107,0,Foote
108,0,Foote
109,0,Foote
110,0,Foote
111,0,Foote
112,0,Foote
113,0,Foote
114,0,Foote
115,0,Foote
116,0,Foote
117,0,Foote
118,0,Foote
119,0,Foote
120,0,Foote
121,0,Foote
122,0,Foote
123,0,Foote
124,0,Foote
125,0,Foote
126,0,Foote
127,4.4460341959101224e-5,Foote
128,1.9071945408599667e-4,Foote
129,3.266760175402848e-4,Foote
130,4.5968106916175437e-4,Foote
131,5.896786839869191e-4,Foote
132,7.095910995150263e-4,Foote
133,8.26566466285785e-4,Foote
134,9.405675320533016e-4,Foote
135,0.001051560450897839,Foote
136,0.0011528123799393862,Foote
137,0.0012445605170896257,Foote
138,0.0013401277594625412,Foote
139,0.0014263269560206996,Foote
140,0.001516157759160604,Foote
141,0.0016030552581570658,Foote
142,0.0016870126055442787,Foote
143,0.0017680257625501909,Foote
144,0.0018521264452669073,Foote
145,0.0019330870951691879,Foote
146,0.002010908224987122,Foote
147,0.002085593395547851,Foote
148,0.0021628408477703184,Foote
149,0.002231160816247992,Foote
150,0.0023018915292075367,Foote
151,0.002363890245085574,Foote
152,0.002428159801753569,Foote
153,0.002489167441567919,Foote
154,0.0025417579538054734,Foote
155,0.0025964300802855758,Foote
156,0.002642909233346311,Foote
157,0.002691358164442272,Foote
158,0.0027318479341510576,Foote
159,0.0027694558905316277,Foote
160,0.0028042200516812782,Foote
161,0.0028361804459435137,Foote
162,0.0028608807826841073,Foote
163,0.002887483735230108,Foote
164,0.0029070818908916345,Foote
165,0.0029242587734434554,Foote
166,0.0029348931011628178,Foote
167,0.00294340429115619,Foote
168,0.002949840535206185,Foote
169,0.002950322235615323,Foote
170,0.0029490249842973057,Foote
171,0.0029422245172839078,Foote
172,0.0029339349883105966,Foote
173,0.0029242019114875777,Foote
174,0.0029095269537826643,Foote
175,0.00289021785393736,Foote
176,0.0028699719877427563,Foote
177,0.00284550329717996,Foote
178,0.00282035463266553,Foote
179,0.0027913764809811693,Foote
180,0.0027588466218712543,Foote
181,0.002726080076635539,Foote
182,0.002690120796000072,Foote
183,0.002651224568800852,Foote
184,0.002612486778844814,Foote
185,0.0025711336676938375,Foote
186,0.0025301211793566773,Foote
187,0.002489455314203893,Foote
188,0.0024465390571009895,Foote
189,0.002406674698569725,Foote
190,0.0023646843816893777,Foote
191,0.0023207738586925263,Foote
192,0.0022798893567044184,Foote
193,0.0022371908288689383,Foote
194,0.002195134364284722,Foote
195,0.0021537141744073633,Foote
196,0.0021107595417066837,Foote
197,0.002068557340162037,Foote
198,0.002027096851986558,Foote
199,0.0019843487888682797,Foote
200,0.0019444131672569157,Foote
201,0.0019013328595563737,Foote
202,0.0018610615122930379,Foote
203,0.0018197478284810143,Foote
204,0.001781120647908458,Foote
205,0.0017397511523263706,Foote
206,0.0017010555791358245,Foote
207,0.0016615230474767108,Foote
208,0.0016229092518533852,Foote
209,0.0015835964734279427,Foote
210,0.0015468148060086577,Foote
211,0.0015093643821159474,Foote
212,0.0014713515709521082,Foote
213,0.0014357826132435027,Foote
214,0.0013996716672476247,Foote
215,0.0013631139567061126,Foote
216,0.0013289081354782369,Foote
217,0.0012942693450891172,Foote
218,0.0012605828279588513,Foote
219,0.001226589025839636,Foote
220,0.0011937113602736374,Foote
221,0.001162292734602767,Foote
222,0.001133418360167019,Foote
223,0.0011088887448295517,Foote
224,0.0010971244645494875,Foote
225,0.001113719021625303,Foote
226,0.0011874618813947002,Foote
227,0.0013711666886825756,Foote
228,0.0017407234401824317,Foote
229,0.0024006589391736637,Foote
230,0.003459784871409666,Foote
231,0.0050111315610993894,Foote
232,0.007106287011609598,Foote
233,0.009704822316052077,Foote
234,0.012696491574911378,Foote
235,0.015891670647737013,Foote
236,0.019038130225672866,Foote
237,0.0218945338010027,Foote
238,0.024329822172116072,Foote
239,0.026181374264240068,Foote
240,0.027409123842153767,Foote
241,0.028080821091730875,Foote
242,0.02827643126339968,Foote
243,0.028098450387038742,Foote
244,0.027610591806492415,Foote
245,0.026902439059386156,Foote
246,0.026117692830322378,Foote
247,0.02523703446424181,Foote
248,0.024332428115472884,Foote
249,0.02342667843410346,Foote
250,0.022500405116615153,Foote
251,0.02159572634524428,Foote
252,0.020716422334111625,Foote
253,0.019864008995922573,Foote
254,0.019038766543565205,Foote
255,0.01821026797844047,Foote
256,0.017409181116313593,Foote
257,0.016634576852875196,Foote
258,0.01588547762709259,Foote
259,0.015160904308763878,Foote
260,0.014432407732200631,Foote
261,0.013754693693228837,Foote
262,0.013072121172722244,Foote
263,0.012437577822883508,Foote
264,0.011797327188855953,Foote
265,0.011177259814399177,Foote
266,0.010576553808966261,Foote
267,0.0099944203130336,Foote
268,0.00943010203839094,Foote
269,0.008882871855112672,Foote
270,0.008352031435071955,Foote
271,0.007836909954296903,Foote
272,0.0073368628535309685,Foote
273,0.006851270654986853,Foote
274,0.0064016123582715375,Foote
275,0.005942780103705822,Foote
276,0.005475233511694446,Foote
277,0.0050417410238025664,Foote
278,0.004599039443354058,Foote
279,0.004168140107776369,Foote
280,0.0037485286284440157,Foote
281,0.0033397097501061436,Foote
282,0.0029213334455944796,Foote
283,0.0025133229257885362,Foote
284,0.002115196342466449,Foote
285,0.0017264892333226465,Foote
286,0.0013467536814174529,Foote
287,9.567967902398392e-4,Foote
288,5.753710630612267e-4,Foote
289,2.0203789859043038e-4,Foote
290,0,Foote
291,0,Foote
292,0,Foote
293,0,Foote
294,0,Foote
295,0,Foote
296,0,Foote
297,0,Foote
298,0,Foote
299,0,Foote
300,0,Foote
301,0,Foote
302,0,Foote
303,0,Foote
304,0,Foote
305,0,Foote
306,0,Foote
307,0,Foote
308,0,Foote
309,0,Foote
310,0,Foote
311,0,Foote
312,0,Foote
313,0,Foote
314,0,Foote
315,0,Foote
316,0,Foote
317,0,Foote
318,0,Foote
319,0,Foote
320,0,Foote
321,0,Foote
322,0,Foote
323,0,Foote
324,0,Foote
325,0,Foote
326,0,Foote
327,0,Foote
328,0,Foote
329,0,Foote
330,0,Foote
331,0,Foote
332,0,Foote
333,0,Foote
334,0,Foote
335,0,Foote
336,0,Foote
337,0,Foote
338,0,Foote
339,0,Foote
340,0,Foote
341,0,Foote
342,0,Foote
343,0,Foote
344,0,Foote
345,0,Foote
346,0,Foote
347,0,Foote
348,0,Foote
349,0,Foote
350,0,Foote
351,0,Foote
352,0,Foote
353,0,Foote
354,0,Foote
355,0,Foote
356,0,Foote
357,0,Foote
358,0,Foote
359,0,Foote
360,0,Foote
361,0,Foote
362,0,Foote
363,0,Foote
364,0,Foote
365,0,Foote
1,0,Frost
2,0,Frost
3,0,Frost
4,0,Frost
5,0,Frost
6,0,Frost
7,0,Frost
8,0,Frost
9,0,Frost
10,0,Frost
11,0,Frost
12,0,Frost
13,0,Frost
14,0,Frost
15,0,Frost
16,0,Frost
17,0,Frost
18,0,Frost
19,0,Frost
20,0,Frost
21,0,Frost
22,0,Frost
23,0,Frost
24,0,Frost
25,0,Frost
26,0,Frost
27,0,Frost
28,0,Frost
29,0,Frost
30,0,Frost
31,0,Frost
32,0,Frost
33,0,Frost
34,0,Frost
35,0,Frost
36,0,Frost
37,0,Frost
38,0,Frost
39,0,Frost
40,0,Frost
41,0,Frost
42,0,Frost
43,0,Frost
44,0,Frost
45,0,Frost
46,0,Frost
47,0,Frost
48,0,Frost
49,0,Frost
50,0,Frost
51,0,Frost
52,0,Frost
53,0,Frost
54,0,Frost
55,0,Frost
56,0,Frost
57,0,Frost
58,0,Frost
59,0,Frost
60,0,Frost
61,0,Frost
62,0,Frost
63,0,Frost
64,0,Frost
65,0,Frost
66,0,Frost
67,0,Frost
68,0,Frost
69,0,Frost
70,0,Frost
71,0,Frost
72,0,Frost
73,0,Frost
74,0,Frost
75,0,Frost
76,0,Frost
77,0,Frost
78,0,Frost
79,0,Frost
80,0,Frost
81,0,Frost
82,0,Frost
83,0,Frost
84,0,Frost
85,0,Frost
86,0,Frost
87,0,Frost
88,0,Frost
89,0,Frost
90,0,Frost
91,0,Frost
92,0,Frost
93,0,Frost
94,0,Frost
95,0,Frost
96,0,Frost
97,0,Frost
98,0,Frost
99,0,Frost
100,0,Frost
101,0,Frost
102,0,Frost
103,0,Frost
104,0,Frost
105,0,Frost
106,0,Frost
107,0,Frost
108,0,Frost
109,0,Frost
110,0,Frost
111,0,Frost
112,0,Frost
113,0,Frost
114,0,Frost
115,0,Frost
116,0,Frost
117,0,Frost
118,0,Frost
119,0,Frost
120,0,Frost
121,0,Frost
122,0,Frost
123,0,Frost
124,0,Frost
125,0,Frost
126,0,Frost
127,0,Frost
128,0,Frost
129,0,Frost
130,0,Frost
131,0,Frost
132,0,Frost
133,0,Frost
134,0,Frost
135,0,Frost
136,0,Frost
137,0,Frost
138,0,Frost
139,0,Frost
140,0,Frost
141,1.1342984009780156e-4,Frost
142,7.486066966881441e-4,Frost
143,0.001370703852347305,Frost
144,0.0019794949296178498,Frost
145,0.0025747686448525362,Frost
146,0.003156328858398766,Frost
147,0.0037594612188539896,Frost
148,0.00434766604826768,Frost
149,0.004920759492057246,Frost
150,0.005444333846529873,Frost
151,0.005987218164118602,Frost
152,0.006514560162621292,Frost
153,0.007026243784994322,Frost
154,0.007522169925904431,Frost
155,0.008002256302489725,Frost
156,0.008466437302651926,Frost
157,0.00888338428930016,Frost
158,0.00931618110363368,Frost
159,0.009702571051665766,Frost
160,0.010103954148454606,Frost
161,0.010459822009616331,Frost
162,0.010800767294899729,Frost
163,0.011098170934814737,Frost
164,0.011410048465196252,Frost
165,0.011679415985596393,Frost
166,0.011907831992514698,Frost
167,0.012150757240027281,Frost
168,0.012353838871765154,Frost
169,0.01254475039651468,Frost
170,0.012697984131399671,Frost
171,0.012840370860126434,Frost
172,0.01294726530780397,Frost
173,0.013044652553981288,Frost
174,0.013132696237586753,Frost
175,0.013188013326945656,Frost
176,0.013212188211375219,Frost
177,0.013229520010776005,Frost
178,0.013217838026370611,Frost
179,0.013200606014291369,Frost
180,0.013156436757330326,Frost
181,0.013086826359081654,Frost
182,0.013013995950495514,Frost
183,0.01291768324783311,Frost
184,0.012819301302888773,Frost
185,0.012699313975954396,Frost
186,0.012578342443928452,Frost
187,0.012456455929951682,Frost
188,0.012315175399058643,Frost
189,0.012173979687474327,Frost
190,0.012032912924461351,Frost
191,0.011892018106887921,Frost
192,0.0117341567915343,Frost
193,0.011577364404355034,Frost
194,0.011421658795831154,Frost
195,0.011267057029560405,Frost
196,0.011097676145935775,Frost
197,0.010930193875759192,Frost
198,0.010764602945795941,Frost
199,0.010600895761246523,Frost
200,0.010424361508180505,Frost
201,0.01025040670310439,Frost
202,0.010079000872737559,Frost
203,0.009896253461345495,Frost
204,0.009716668339709694,Frost
205,0.009540193711033203,Frost
206,0.009366778572008974,Frost
207,0.00918356438314048,Frost
208,0.009003933863806251,Frost
209,0.008827816917430202,Frost
210,0.008643073486839735,Frost
211,0.00846229483302812,Frost
212,0.008285393814272454,Frost
213,0.00811228524784836,Frost
214,0.007931730126464679,Frost
215,0.0077553431740270224,Frost
216,0.0075830246262212075,Frost
217,0.007404159916655824,Frost
218,0.0072296778031532005,Frost
219,0.0070594660917811134,Frost
220,0.00688349699881534,Frost
221,0.006721783883269913,Frost
222,0.006554473137673193,Frost
223,0.006382099844055844,Frost
224,0.006214348065273075,Frost
225,0.006051086769052834,Frost
226,0.0058921888323348725,Frost
227,0.005728863953856063,Frost
228,0.005570061462888667,Frost
229,0.005415648020589891,Frost
230,0.0052573054873452235,Frost
231,0.00510347116030021,Frost
232,0.004954007233688252,Frost
233,0.004801036746213928,Frost
234,0.004644918388553461,Frost
235,0.00450091497156137,Frost
236,0.004346422969223348,Frost
237,0.004203808307698217,Frost
238,0.004058333900393566,Frost
239,0.003910290821117371,Frost
240,0.0037735961732228923,Frost
241,0.0036342782702808323,Frost
242,0.0034925955557182876,Frost
243,0.003355264651998173,Frost
244,0.003222135799314195,Frost
245,0.0030930718348063393,Frost
246,0.0029617993082992253,Frost
247,0.0028406959305763636,Frost
248,0.0027115362728598494,Frost
249,0.0025926854820175122,Frost
250,0.002472623449290906,Frost
251,0.002358083700363406,Frost
252,0.0022504195523378482,Frost
253,0.002151885457310667,Frost
254,0.00206053133698641,Frost
255,0.001992692019361376,Frost
256,0.001944177634914409,Frost
257,0.0019295557594803813,Frost
258,0.001953448461782328,Frost
259,0.0020402044107409585,Frost
260,0.0021880797760686498,Frost
261,0.002423885330917848,Frost
262,0.0027360494989786223,Frost
263,0.003135410457260785,Frost
264,0.003614614216364935,Frost
265,0.004158932895747917,Frost
266,0.0047442247603583995,Frost
267,0.005336930902626762,Frost
268,0.005890384509589761,Frost
269,0.006359525010980958,Frost
270,0.006630962943482928,Frost
271,0.00675112895715741,Frost
272,0.006617173710379864,Frost
273,0.006103789781665762,Frost
274,0.005333137880646965,Frost
275,0.004212824162242568,Frost
276,0.002613968696601619,Frost
277,7.745916700601111e-4,Frost
278,0,Frost
279,0,Frost
280,0,Frost
281,0,Frost
282,0,Frost
283,0,Frost
284,0,Frost
285,0,Frost
286,0,Frost
287,0,Frost
288,0,Frost
289,0,Frost
290,0,Frost
291,0,Frost
292,0,Frost
293,0,Frost
294,0,Frost
295,0,Frost
296,0,Frost
297,0,Frost
298,0,Frost
299,0,Frost
300,0,Frost
301,0,Frost
302,0,Frost
303,0,Frost
304,0,Frost
305,0,Frost
306,0,Frost
307,0,Frost
308,0,Frost
309,0,Frost
310,0,Frost
311,0,Frost
312,0,Frost
313,0,Frost
314,0,Frost
315,0,Frost
316,0,Frost
317,0,Frost
318,0,Frost
319,0,Frost
320,0,Frost
321,0,Frost
322,0,Frost
323,0,Frost
324,0,Frost
325,0,Frost
326,0,Frost
327,0,Frost
328,0,Frost
329,0,Frost
330,0,Frost
331,0,Frost
332,0,Frost
333,0,Frost
334,0,Frost
335,0,Frost
336,0,Frost
337,0,Frost
338,0,Frost
339,0,Frost
340,0,Frost
341,0,Frost
342,0,Frost
343,0,Frost
344,0,Frost
345,0,Frost
346,0,Frost
347,0,Frost
348,0,Frost
349,0,Frost
350,0,Frost
351,0,Frost
352,0,Frost
353,0,Frost
354,0,Frost
355,0,Frost
356,0,Frost
357,0,Frost
358,0,Frost
359,0,Frost
360,0,Frost
361,0,Frost
362,0,Frost
363,0,Frost
364,0,Frost
365,0,Frost
1,0,Chipman
2,0,Chipman
3,0,Chipman
4,0,Chipman
5,0,Chipman
6,0,Chipman
7,0,Chipman
8,0,Chipman
9,0,Chipman
10,0,Chipman
11,0,Chipman
12,0,Chipman
13,0,Chipman
14,0,Chipman
15,0,Chipman
16,0,Chipman
17,0,Chipman
18,0,Chipman
19,0,Chipman
20,0,Chipman
21,0,Chipman
22,0,Chipman
23,0,Chipman
24,0,Chipman
25,0,Chipman
26,0,Chipman
27,0,Chipman
28,0,Chipman
29,0,Chipman
30,0,Chipman
31,0,Chipman
32,0,Chipman
33,0,Chipman
34,0,Chipman
35,0,Chipman
36,0,Chipman
37,0,Chipman
38,0,Chipman
39,0,Chipman
40,0,Chipman
41,0,Chipman
42,0,Chipman
43,0,Chipman
44,0,Chipman
45,0,Chipman
46,0,Chipman
47,0,Chipman
48,0,Chipman
49,0,Chipman
50,0,Chipman
51,0,Chipman
52,0,Chipman
53,0,Chipman
54,0,Chipman
55,0,Chipman
56,0,Chipman
57,0,Chipman
58,0,Chipman
59,0,Chipman
60,0,Chipman
61,0,Chipman
62,0,Chipman
63,0,Chipman
64,0,Chipman
65,0,Chipman
66,0,Chipman
67,0,Chipman
68,0,Chipman
69,0,Chipman
70,0,Chipman
71,0,Chipman
72,0,Chipman
73,0,Chipman
74,0,Chipman
75,0,Chipman
76,0,Chipman
77,0,Chipman
78,0,Chipman
79,0,Chipman
80,0,Chipman
81,0,Chipman
82,0,Chipman
83,0,Chipman
84,0,Chipman
85,0,Chipman
86,0,Chipman
87,0,Chipman
88,0,Chipman
89,0,Chipman
90,0,Chipman
91,0,Chipman
92,0,Chipman
93,0,Chipman
94,0,Chipman
95,0,Chipman
96,0,Chipman
97,0,Chipman
98,0,Chipman
99,0,Chipman
100,0,Chipman
101,0,Chipman
102,0,Chipman
103,0,Chipman
104,0,Chipman
105,0,Chipman
106,0,Chipman
107,0,Chipman
108,0,Chipman
109,0,Chipman
110,0,Chipman
111,0,Chipman
112,0,Chipman
113,0,Chipman
114,0,Chipman
115,0,Chipman
116,0,Chipman
117,0,Chipman
118,0,Chipman
119,0,Chipman
120,0,Chipman
121,0,Chipman
122,0,Chipman
123,0,Chipman
124,0,Chipman
125,0,Chipman
126,0,Chipman
127,4.3051376506618605e-5,Chipman
128,1.8467548073620318e-4,Chipman
129,3.16323528049937e-4,Chipman
130,4.451135980837097e-4,Chipman
131,5.70991538157783e-4,Chipman
132,6.939068915463332e-4,Chipman
133,8.070871873627842e-4,Chipman
134,9.173837223877834e-4,Chipman
135,0.0010247638859557614,Chipman
136,0.0011227087160956466,Chipman
137,0.0012178581716239898,Chipman
138,0.0013038654522973595,Chipman
139,0.001393474512726794,Chipman
140,0.0014740796605749898,Chipman
141,0.0015641960506563792,Chipman
142,0.0016452730996152313,Chipman
143,0.0017294175699563898,Chipman
144,0.0018046766106575305,Chipman
145,0.0018885948907059384,Chipman
146,0.001963602202549776,Chipman
147,0.002035567353083425,Chipman
148,0.002110006336238831,Chipman
149,0.002175797913093836,Chipman
150,0.0022439172081565426,Chipman
151,0.0023088390756485313,Chipman
152,0.002370579080449923,Chipman
153,0.002429155778971629,Chipman
154,0.0024795813862928473,Chipman
155,0.0025320162673416534,Chipman
156,0.002581361881802317,Chipman
157,0.0026276477828676274,Chipman
158,0.0026662285070534705,Chipman
159,0.0027020177132870984,Chipman
160,0.0027350529127090576,Chipman
161,0.002765373546820959,Chipman
162,0.0027930209006579083,Chipman
163,0.0028180380149681,Chipman
164,0.002836280114384992,Chipman
165,0.0028521812698733447,Chipman
166,0.0028617575849304642,Chipman
167,0.0028732357855875425,Chipman
168,0.0028786417899159724,Chipman
169,0.002878295991295214,Chipman
170,0.0028762361743363786,Chipman
171,0.0028725091477497314,Chipman
172,0.0028635914406703322,Chipman
173,0.0028497909770490264,Chipman
174,0.0028382573076689488,Chipman
175,0.0028187221087306847,Chipman
176,0.0027982940039901496,Chipman
177,0.0027737997131596303,Chipman
178,0.0027486621532591205,Chipman
179,0.0027198404672520893,Chipman
180,0.002690610633710806,Chipman
181,0.0026551192247505134,Chipman
182,0.0026196046087494096,Chipman
183,0.0025840838437846477,Chipman
184,0.002543074986179602,Chipman
185,0.002505094734025646,Chipman
186,0.002464679349003093,Chipman
187,0.002424618342257347,Chipman
188,0.002384916929203972,Chipman
189,0.002343126490100657,Chipman
190,0.002301848207305418,Chipman
191,0.0022610815164506182,Chipman
192,0.002218536163124809,Chipman
193,0.002178872491326183,Chipman
194,0.0021375299293577036,Chipman
195,0.0020946870104594896,Chipman
196,0.0020546855349074552,Chipman
197,0.002013266968344024,Chipman
198,0.0019725843583415182,Chipman
199,0.0019306826855726483,Chipman
200,0.0018896118347030617,Chipman
201,0.0018493567089624024,Chipman
202,0.0018099024550266966,Chipman
203,0.0017712344597650151,Chipman
204,0.0017316101931297266,Chipman
205,0.001691159779018216,Chipman
206,0.0016533026441517887,Chipman
207,0.0016146594503491552,Chipman
208,0.001576919476796412,Chipman
209,0.0015400616122263205,Chipman
210,0.0015025656722793968,Chipman
211,0.001466001201587377,Chipman
212,0.0014303446162122755,Chipman
213,0.0013941759733121215,Chipman
214,0.0013589535873580357,Chipman
215,0.0013246520430863758,Chipman
216,0.0012899455520653225,Chipman
217,0.0012561926734112484,Chipman
218,0.0012233813852759,Chipman
219,0.001191544494989189,Chipman
220,0.0011596808278138125,Chipman
221,0.001129689270030017,Chipman
222,0.00110232250014641,Chipman
223,0.0010847980604120587,Chipman
224,0.0010849994444349096,Chipman
225,0.0011295087309379911,Chipman
226,0.0012582463447412592,Chipman
227,0.001539994118321594,Chipman
228,0.0020698420282424515,Chipman
229,0.0029589631637469086,Chipman
230,0.004318034225669145,Chipman
231,0.00621479652396268,Chipman
232,0.008657497212565554,Chipman
233,0.011563023927312817,Chipman
234,0.014741673849471807,Chipman
235,0.01795432652804705,Chipman
236,0.02096957692170083,Chipman
237,0.023586504364453004,Chipman
238,0.025630770262640233,Chipman
239,0.027076940770747532,Chipman
240,0.027942056094231692,Chipman
241,0.028264102417845927,Chipman
242,0.028141817041103412,Chipman
243,0.027750917473287208,Chipman
244,0.027117163484048155,Chipman
245,0.02635378706511616,Chipman
246,0.025484753890065905,Chipman
247,0.024585385621155646,Chipman
248,0.02368129385050982,Chipman
249,0.022787921694079477,Chipman
250,0.021882291798498932,Chipman
251,0.021001876193006763,Chipman
252,0.020148459190902804,Chipman
253,0.01932243745835277,Chipman
254,0.018523472624700704,Chipman
255,0.01772209691785617,Chipman
256,0.016947501710470714,Chipman
257,0.0161986974846186,Chipman
258,0.015474691579120257,Chipman
259,0.014747746716202456,Chipman
260,0.014071108126798905,Chipman
261,0.01339056600794536,Chipman
262,0.012757561329777492,Chipman
263,0.012119778401784626,Chipman
264,0.011502384502142486,Chipman
265,0.010904549585869323,Chipman
266,0.010325477239408258,Chipman
267,0.009764403185041091,Chipman
268,0.009220593836547518,Chipman
269,0.008693344914550667,Chipman
270,0.008181980123121053,Chipman
271,0.0076858498864228915,Chipman
272,0.007204330143187959,Chipman
273,0.0067368211964287696,Chipman
274,0.006282746615765847,Chipman
275,0.005841552189800685,Chipman
276,0.0054127049260684935,Chipman
277,0.004995692096215888,Chipman
278,0.004570063714059747,Chipman
279,0.0041558791722649865,Chipman
280,0.0037526412411260954,Chipman
281,0.0033406720080532007,Chipman
282,0.00295818579833671,Chipman
283,0.002566511379508436,Chipman
284,0.002184428148769062,Chipman
285,0.001793189909311385,Chipman
286,0.001429186508063315,Chipman
287,0.0010555691741576867,Chipman
288,6.902227279994102e-4,Chipman
289,3.327248746952878e-4,Chipman
290,0,Chipman
291,0,Chipman
292,0,Chipman
293,0,Chipman
294,0,Chipman
295,0,Chipman
296,0,Chipman
297,0,Chipman
298,0,Chipman
299,0,Chipman
300,0,Chipman
301,0,Chipman
302,0,Chipman
303,0,Chipman
304,0,Chipman
305,0,Chipman
306,0,Chipman
307,0,Chipman
308,0,Chipman
309,0,Chipman
310,0,Chipman
311,0,Chipman
312,0,Chipman
313,0,Chipman
314,0,Chipman
315,0,Chipman
316,0,Chipman
317,0,Chipman
318,0,Chipman
319,0,Chipman
320,0,Chipman
321,0,Chipman
322,0,Chipman
323,0,Chipman
324,0,Chipman
325,0,Chipman
326,0,Chipman
327,0,Chipman
328,0,Chipman
329,0,Chipman
330,0,Chipman
331,0,Chipman
332,0,Chipman
333,0,Chipman
334,0,Chipman
335,0,Chipman
336,0,Chipman
337,0,Chipman
338,0,Chipman
339,0,Chipman
340,0,Chipman
341,0,Chipman
342,0,Chipman
343,0,Chipman
344,0,Chipman
345,0,Chipman
346,0,Chipman
347,0,Chipman
348,0,Chipman
349,0,Chipman
350,0,Chipman
351,0,Chipman
352,0,Chipman
353,0,Chipman
354,0,Chipman
355,0,Chipman
356,0,Chipman
357,0,Chipman
358,0,Chipman
359,0,Chipman
360,0,Chipman
361,0,Chipman
362,0,Chipman
363,0,Chipman
364,0,Chipman
365,0,Chipman
1,0,Gilmore
2,0,Gilmore
3,0,Gilmore
4,0,Gilmore
5,0,Gilmore
6,0,Gilmore
7,0,Gilmore
8,0,Gilmore
9,0,Gilmore
10,0,Gilmore
11,0,Gilmore
12,0,Gilmore
13,0,Gilmore
14,0,Gilmore
15,0,Gilmore
16,0,Gilmore
17,0,Gilmore
18,0,Gilmore
19,0,Gilmore
20,0,Gilmore
21,0,Gilmore
22,0,Gilmore
23,0,Gilmore
24,0,Gilmore
25,0,Gilmore
26,0,Gilmore
27,0,Gilmore
28,0,Gilmore
29,0,Gilmore
30,0,Gilmore
31,0,Gilmore
32,0,Gilmore
33,0,Gilmore
34,0,Gilmore
35,0,Gilmore
36,0,Gilmore
37,0,Gilmore
38,0,Gilmore
39,0,Gilmore
40,0,Gilmore
41,0,Gilmore
42,0,Gilmore
43,0,Gilmore
44,0,Gilmore
45,0,Gilmore
46,0,Gilmore
47,0,Gilmore
48,0,Gilmore
49,0,Gilmore
50,0,Gilmore
51,0,Gilmore
52,0,Gilmore
53,0,Gilmore
54,0,Gilmore
55,0,Gilmore
56,0,Gilmore
57,0,Gilmore
58,0,Gilmore
59,0,Gilmore
60,0,Gilmore
61,0,Gilmore
62,0,Gilmore
63,0,Gilmore
64,0,Gilmore
65,0,Gilmore
66,0,Gilmore
67,0,Gilmore
68,0,Gilmore
69,0,Gilmore
70,0,Gilmore
71,0,Gilmore
72,0,Gilmore
73,0,Gilmore
74,0,Gilmore
75,0,Gilmore
76,0,Gilmore
77,0,Gilmore
78,0,Gilmore
79,0,Gilmore
80,0,Gilmore
81,0,Gilmore
82,0,Gilmore
83,0,Gilmore
84,0,Gilmore
85,0,Gilmore
86,0,Gilmore
87,0,Gilmore
88,0,Gilmore
89,0,Gilmore
90,0,Gilmore
91,0,Gilmore
92,0,Gilmore
93,0,Gilmore
94,0,Gilmore
95,0,Gilmore
96,0,Gilmore
97,0,Gilmore
98,0,Gilmore
99,0,Gilmore
100,0,Gilmore
101,0,Gilmore
102,0,Gilmore
103,0,Gilmore
104,0,Gilmore
105,0,Gilmore
106,0,Gilmore
107,0,Gilmore
108,0,Gilmore
109,0,Gilmore
110,0,Gilmore
111,0,Gilmore
112,0,Gilmore
113,0,Gilmore
114,0,Gilmore
115,0,Gilmore
116,0,Gilmore
117,0,Gilmore
118,0,Gilmore
119,0,Gilmore
120,0,Gilmore
121,0,Gilmore
122,0,Gilmore
123,0,Gilmore
124,0,Gilmore
125,0,Gilmore
126,0,Gilmore
127,0,Gilmore
128,0,Gilmore
129,0,Gilmore
130,0,Gilmore
131,0,Gilmore
132,0,Gilmore
133,0,Gilmore
134,0,Gilmore
135,0,Gilmore
136,0,Gilmore
137,0,Gilmore
138,0,Gilmore
139,0,Gilmore
140,0,Gilmore
141,0,Gilmore
142,3.92384559559592e-5,Gilmore
143,6.992198679057774e-4,Gilmore
144,0.0013456719431135997,Gilmore
145,0.001978358190257197,Gilmore
146,0.002634696274371601,Gilmore
147,0.003238749325344958,Gilmore
148,0.0038652127896756537,Gilmore
149,0.004476203540537353,Gilmore
150,0.005071529877373132,Gilmore
151,0.0056510179878465246,Gilmore
152,0.006214511912079163,Gilmore
153,0.006727197207345185,Gilmore
154,0.007258840898561983,Gilmore
155,0.007774145557420028,Gilmore
156,0.008273024871405051,Gilmore
157,0.008755409828923042,Gilmore
158,0.009188779355468722,Gilmore
159,0.009638614804163602,Gilmore
160,0.01004029078700704,Gilmore
161,0.010426418900871131,Gilmore
162,0.010797030888612027,Gilmore
163,0.0111521722271157,Gilmore
164,0.011462130080576007,Gilmore
165,0.011757809371397419,Gilmore
166,0.01203930598835886,Gilmore
167,0.012278304401107339,Gilmore
168,0.01250440937665373,Gilmore
169,0.012717753063505765,Gilmore
170,0.01291847554328521,Gilmore
171,0.013053445175816693,Gilmore
172,0.013204417593164425,Gilmore
173,0.013318535200258878,Gilmore
174,0.013397452716493714,Gilmore
175,0.013467710748242838,Gilmore
176,0.013529473686330349,Gilmore
177,0.013558867630029637,Gilmore
178,0.013557509820022995,Gilmore
179,0.013550198527386951,Gilmore
180,0.013514292976211482,Gilmore
181,0.013451349947769184,Gilmore
182,0.01338487386872281,Gilmore
183,0.013293401333005708,Gilmore
184,0.013199594230932466,Gilmore
185,0.013082749360584352,Gilmore
186,0.012964702333417991,Gilmore
187,0.012845526433973678,Gilmore
188,0.012705625491624045,Gilmore
189,0.01258494381554063,Gilmore
190,0.01244439547184165,Gilmore
191,0.012285282226870812,Gilmore
192,0.01214533632085262,Gilmore
193,0.0119876001331036,Gilmore
194,0.011830847649611865,Gilmore
195,0.011675098928601333,Gilmore
196,0.011503481173518461,Gilmore
197,0.011350273723375182,Gilmore
198,0.011165610569305798,Gilmore
199,0.010999501389884347,Gilmore
200,0.01081958142975857,Gilmore
201,0.010657560803720142,Gilmore
202,0.010467264305087274,Gilmore
203,0.010294953884484287,Gilmore
204,0.010110657100859602,Gilmore
205,0.009929504211687692,Gilmore
206,0.009751444559495438,Gilmore
207,0.009562786612084399,Gilmore
208,0.009377778567095941,Gilmore
209,0.009196349811084525,Gilmore
210,0.009018431096739412,Gilmore
211,0.008831338318856127,Gilmore
212,0.00864822682691344,Gilmore
213,0.008469009832708152,Gilmore
214,0.008281703484353076,Gilmore
215,0.008098693068067925,Gilmore
216,0.007919876414636784,Gilmore
217,0.007733929008730449,Gilmore
218,0.00756352170477617,Gilmore
219,0.007375410424377501,Gilmore
220,0.007202714235418687,Gilmore
221,0.007023821410561431,Gilmore
222,0.0068495042939162604,Gilmore
223,0.006679639849095849,Gilmore
224,0.0065042981031217815,Gilmore
225,0.006333629245057616,Gilmore
226,0.006167501550996738,Gilmore
227,0.005996519014532176,Gilmore
228,0.005839346080475732,Gilmore
229,0.005668480629183855,Gilmore
230,0.005511231322927573,Gilmore
231,0.005349692605874029,Gilmore
232,0.005184281257272837,Gilmore
233,0.005023677289996314,Gilmore
234,0.004867729083084953,Gilmore
235,0.004708296357875151,Gilmore
236,0.00455357859546107,Gilmore
237,0.004395710736581883,Gilmore
238,0.00424258576922731,Gilmore
239,0.004094044767085628,Gilmore
240,0.003942619722797264,Gilmore
241,0.0037957805585401216,Gilmore
242,0.003653369485812634,Gilmore
243,0.0035082875726860367,Gilmore
244,0.00336761466115497,Gilmore
245,0.0032311979449740603,Gilmore
246,0.003092287687182503,Gilmore
247,0.0029576203989147604,Gilmore
248,0.0028270863476400074,Gilmore
249,0.002700631637157237,Gilmore
250,0.0025721089225254515,Gilmore
251,0.0024481703490604454,Gilmore
252,0.002329349111937351,Gilmore
253,0.002216693476958505,Gilmore
254,0.0021061357737688323,Gilmore
255,0.002012449469283935,Gilmore
256,0.0019282691464071802,Gilmore
257,0.0018655788292983502,Gilmore
258,0.0018263806311203544,Gilmore
259,0.0018327993966873934,Gilmore
260,0.0018901624041513178,Gilmore
261,0.002002680051295515,Gilmore
262,0.0021872362524752815,Gilmore
263,0.0024513712645821183,Gilmore
264,0.0027955570418849644,Gilmore
265,0.003213481865158485,Gilmore
266,0.003689234906149493,Gilmore
267,0.0041959608611240595,Gilmore
268,0.004691160368605194,Gilmore
269,0.005129158404166312,Gilmore
270,0.005396838350599963,Gilmore
271,0.005520940823014506,Gilmore
272,0.005390549374353842,Gilmore
273,0.00495099254134796,Gilmore
274,0.0040553296231758745,Gilmore
275,0.0028447640828652993,Gilmore
276,0.001099225205145035,Gilmore
277,0,Gilmore
278,0,Gilmore
279,0,Gilmore
280,0,Gilmore
281,0,Gilmore
282,0,Gilmore
283,0,Gilmore
284,0,Gilmore
285,0,Gilmore
286,0,Gilmore
287,0,Gilmore
288,0,Gilmore
289,0,Gilmore
290,0,Gilmore
291,0,Gilmore
292,0,Gilmore
293,0,Gilmore
294,0,Gilmore
295,0,Gilmore
296,0,Gilmore
297,0,Gilmore
298,0,Gilmore
299,0,Gilmore
300,0,Gilmore
301,0,Gilmore
302,0,Gilmore
303,0,Gilmore
304,0,Gilmore
305,0,Gilmore
306,0,Gilmore
307,0,Gilmore
308,0,Gilmore
309,0,Gilmore
310,0,Gilmore
311,0,Gilmore
312,0,Gilmore
313,0,Gilmore
314,0,Gilmore
315,0,Gilmore
316,0,Gilmore
317,0,Gilmore
318,0,Gilmore
319,0,Gilmore
320,0,Gilmore
321,0,Gilmore
322,0,Gilmore
323,0,Gilmore
324,0,Gilmore
325,0,Gilmore
326,0,Gilmore
327,0,Gilmore
328,0,Gilmore
329,0,Gilmore
330,0,Gilmore
331,0,Gilmore
332,0,Gilmore
333,0,Gilmore
334,0,Gilmore
335,0,Gilmore
336,0,Gilmore
337,0,Gilmore
338,0,Gilmore
339,0,Gilmore
340,0,Gilmore
341,0,Gilmore
342,0,Gilmore
343,0,Gilmore
344,0,Gilmore
345,0,Gilmore
346,0,Gilmore
347,0,Gilmore
348,0,Gilmore
349,0,Gilmore
350,0,Gilmore
351,0,Gilmore
352,0,Gilmore
353,0,Gilmore
354,0,Gilmore
355,0,Gilmore
356,0,Gilmore
357,0,Gilmore
358,0,Gilmore
359,0,Gilmore
360,0,Gilmore
361,0,Gilmore
362,0,Gilmore
363,0,Gilmore
364,0,Gilmore
365,0,Gilmore
1,0,Gorge
2,0,Gorge
3,0,Gorge
4,0,Gorge
5,0,Gorge
6,0,Gorge
7,0,Gorge
8,0,Gorge
9,0,Gorge
10,0,Gorge
11,0,Gorge
12,0,Gorge
13,0,Gorge
14,0,Gorge
15,0,Gorge
16,0,Gorge
17,0,Gorge
18,0,Gorge
19,0,Gorge
20,0,Gorge
21,0,Gorge
22,0,Gorge
23,0,Gorge
24,0,Gorge
25,0,Gorge
26,0,Gorge
27,0,Gorge
28,0,Gorge
29,0,Gorge
30,0,Gorge
31,0,Gorge
32,0,Gorge
33,0,Gorge
34,0,Gorge
35,0,Gorge
36,0,Gorge
37,0,Gorge
38,0,Gorge
39,0,Gorge
40,0,Gorge
41,0,Gorge
42,0,Gorge
43,0,Gorge
44,0,Gorge
45,0,Gorge
46,0,Gorge
47,0,Gorge
48,0,Gorge
49,0,Gorge
50,0,Gorge
51,0,Gorge
52,0,Gorge
53,0,Gorge
54,0,Gorge
55,0,Gorge
56,0,Gorge
57,0,Gorge
58,0,Gorge
59,0,Gorge
60,0,Gorge
61,0,Gorge
62,0,Gorge
63,0,Gorge
64,0,Gorge
65,0,Gorge
66,0,Gorge
67,0,Gorge
68,0,Gorge
69,0,Gorge
70,0,Gorge
71,0,Gorge
72,0,Gorge
73,0,Gorge
74,0,Gorge
75,0,Gorge
76,0,Gorge
77,0,Gorge
78,0,Gorge
79,0,Gorge
80,0,Gorge
81,0,Gorge
82,0,Gorge
83,0,Gorge
84,0,Gorge
85,0,Gorge
86,0,Gorge
87,0,Gorge
88,0,Gorge
89,0,Gorge
90,0,Gorge
91,0,Gorge
92,0,Gorge
93,0,Gorge
94,0,Gorge
95,0,Gorge
96,0,Gorge
97,0,Gorge
98,0,Gorge
99,0,Gorge
100,0,Gorge
101,0,Gorge
102,0,Gorge
103,0,Gorge
104,0,Gorge
105,0,Gorge
106,0,Gorge
107,0,Gorge
108,0,Gorge
109,0,Gorge
110,0,Gorge
111,0,Gorge
112,0,Gorge
113,0,Gorge
114,0,Gorge
115,0,Gorge
116,0,Gorge
117,0,Gorge
118,0,Gorge
119,0,Gorge
120,0,Gorge
121,0,Gorge
122,0,Gorge
123,0,Gorge
124,0,Gorge
125,0,Gorge
126,0,Gorge
127,0,Gorge
128,0,Gorge
129,0,Gorge
130,0,Gorge
131,0,Gorge
132,7.537569993535875e-5,Gorge
133,2.860276660400378e-4,Gorge
134,5.046202888424973e-4,Gorge
135,7.063243209279175e-4,Gorge
136,9.03510586522139e-4,Gorge
137,0.0010961149499530182,Gorge
138,0.0012722977950044231,Gorge
139,0.0014440749613006205,Gorge
140,0.0016114075356335237,Gorge
141,0.0017856344530600636,Gorge
142,0.0019550509005792603,Gorge
143,0.002119622141583148,Gorge
144,0.002290276656359708,Gorge
145,0.0024449000640802284,Gorge
146,0.002605276276802823,Gorge
147,0.002760393002675424,Gorge
148,0.002910232473025233,Gorge
149,0.003054782334135409,Gorge
150,0.003204143285286452,Gorge
151,0.0033379093605136858,Gorge
152,0.0034663766903473155,Gorge
153,0.003589554107812162,Gorge
154,0.003716986181243893,Gorge
155,0.003829433590886939,Gorge
156,0.0039366442157838044,Gorge
157,0.004038646548613286,Gorge
158,0.004135473645379336,Gorge
159,0.004227163003916891,Gorge
160,0.004313756438052128,Gorge
161,0.004386781924548824,Gorge
162,0.004455155528541493,Gorge
163,0.004518932587316013,Gorge
164,0.004578171595620209,Gorge
165,0.004632934077303394,Gorge
166,0.004675478981108126,Gorge
167,0.004706358893637909,Gorge
168,0.004741176751355272,Gorge
169,0.004764747172919151,Gorge
170,0.004784869919119202,Gorge
171,0.004794503457223026,Gorge
172,0.004801170045927306,Gorge
173,0.0047980959944548774,Gorge
174,0.004792527739029186,Gorge
175,0.004777952010967764,Gorge
176,0.004754890429261492,Gorge
177,0.004730178246485254,Gorge
178,0.004703872890519212,Gorge
179,0.0046699586486992775,Gorge
180,0.004628924388033389,Gorge
181,0.004581246228845672,Gorge
182,0.004533095815555544,Gorge
183,0.0044789160716739865,Gorge
184,0.004424624227900008,Gorge
185,0.004364883623300034,Gorge
186,0.00430536391291961,Gorge
187,0.0042460815020458125,Gorge
188,0.004187052264528944,Gorge
189,0.004123365186579563,Gorge
190,0.004060225381258014,Gorge
191,0.003997639144812632,Gorge
192,0.003930993135471485,Gorge
193,0.0038651621653529675,Gorge
194,0.003800143356745476,Gorge
195,0.0037359336454001538,Gorge
196,0.003668293881323965,Gorge
197,0.003601688282441426,Gorge
198,0.0035361053380674103,Gorge
199,0.003471533567425408,Gorge
200,0.0034040800170991093,Gorge
201,0.003337828779325956,Gorge
202,0.0032727607881553535,Gorge
203,0.0032052231901136896,Gorge
204,0.003139032496686721,Gorge
205,0.0030741628555835798,Gorge
206,0.0030071870941699324,Gorge
207,0.0029449981929188704,Gorge
208,0.002880797232313239,Gorge
209,0.0028148116765441215,Gorge
210,0.0027534863128178136,Gorge
211,0.0026904500820139864,Gorge
212,0.0026288894153174785,Gorge
213,0.002565853296874546,Gorge
214,0.0025043840047257555,Gorge
215,0.0024444412598115563,Gorge
216,0.0023859858514420442,Gorge
217,0.0023263087599492125,Gorge
218,0.0022681901065597244,Gorge
219,0.00220903069140971,Gorge
220,0.002153987169316384,Gorge
221,0.0020979275652910677,Gorge
222,0.0020409982869852017,Gorge
223,0.0019880251176252594,Gorge
224,0.0019341949894920373,Gorge
225,0.0018818849642812273,Gorge
226,0.001828853346424168,Gorge
227,0.0017773778056386835,Gorge
228,0.0017274323752387618,Gorge
229,0.0016769773750163147,Gorge
230,0.0016283398892577058,Gorge
231,0.0015820084321080709,Gorge
232,0.001537313353233433,Gorge
233,0.0014992026641371982,Gorge
234,0.001471880416454393,Gorge
235,0.0014688491241971453,Gorge
236,0.0015080894835497933,Gorge
237,0.0016232704619479493,Gorge
238,0.0018598343986401542,Gorge
239,0.0022739965617436125,Gorge
240,0.00293486482300201,Gorge
241,0.0039040016357638177,Gorge
242,0.005237364940273912,Gorge
243,0.006957783093831338,Gorge
244,0.009037388908732926,Gorge
245,0.011424638012887947,Gorge
246,0.014016213375961959,Gorge
247,0.016684594001026284,Gorge
248,0.01925528433466776,Gorge
249,0.02162030054551992,Gorge
250,0.02366918854334504,Gorge
251,0.02528607886165556,Gorge
252,0.0265222951658986,Gorge
253,0.027282399685582936,Gorge
254,0.02764044551160643,Gorge
255,0.027587368860442496,Gorge
256,0.027288760828845026,Gorge
257,0.026694816884425144,Gorge
258,0.02597251884775466,Gorge
259,0.025059772845888287,Gorge
260,0.02405511282558385,Gorge
261,0.022936632357749377,Gorge
262,0.021841822098315585,Gorge
263,0.0207337759273931,Gorge
264,0.019572592884151647,Gorge
265,0.018476287972864446,Gorge
266,0.01734431006266726,Gorge
267,0.01623472212577168,Gorge
268,0.015200959826874834,Gorge
269,0.01414135474212152,Gorge
270,0.013108301782679282,Gorge
271,0.012150696317158486,Gorge
272,0.011169334611853337,Gorge
273,0.0102133925907575,Gorge
274,0.009329210921754908,Gorge
275,0.008420996982392024,Gorge
276,0.0075357294839840504,Gorge
277,0.00667250725485324,Gorge
278,0.005785582835109089,Gorge
279,0.004964364092010452,Gorge
280,0.004118689922275774,Gorge
281,0.0032925650017629738,Gorge
282,0.0024422461803189502,Gorge
283,0.0016530401923502715,Gorge
284,8.38798731539037e-4,Gorge
285,4.1509496169349136e-5,Gorge
286,0,Gorge
287,0,Gorge
288,0,Gorge
289,0,Gorge
290,0,Gorge
291,0,Gorge
292,0,Gorge
293,0,Gorge
294,0,Gorge
295,0,Gorge
296,0,Gorge
297,0,Gorge
298,0,Gorge
299,0,Gorge
300,0,Gorge
301,0,Gorge
302,0,Gorge
303,0,Gorge
304,0,Gorge
305,0,Gorge
306,0,Gorge
307,0,Gorge
308,0,Gorge
309,0,Gorge
310,0,Gorge
311,0,Gorge
312,0,Gorge
313,0,Gorge
314,0,Gorge
315,0,Gorge
316,0,Gorge
317,0,Gorge
318,0,Gorge
319,0,Gorge
320,0,Gorge
321,0,Gorge
322,0,Gorge
323,0,Gorge
324,0,Gorge
325,0,Gorge
326,0,Gorge
327,0,Gorge
328,0,Gorge
329,0,Gorge
330,0,Gorge
331,0,Gorge
332,0,Gorge
333,0,Gorge
334,0,Gorge
335,0,Gorge
336,0,Gorge
337,0,Gorge
338,0,Gorge
339,0,Gorge
340,0,Gorge
341,0,Gorge
342,0,Gorge
343,0,Gorge
344,0,Gorge
345,0,Gorge
346,0,Gorge
347,0,Gorge
348,0,Gorge
349,0,Gorge
350,0,Gorge
351,0,Gorge
352,0,Gorge
353,0,Gorge
354,0,Gorge
355,0,Gorge
356,0,Gorge
357,0,Gorge
358,0,Gorge
359,0,Gorge
360,0,Gorge
361,0,Gorge
362,0,Gorge
363,0,Gorge
364,0,Gorge
365,0,Gorge
1,0,SPIN
2,0,SPIN
3,0,SPIN
4,0,SPIN
5,0,SPIN
6,0,SPIN
7,0,SPIN
8,0,SPIN
9,0,SPIN
10,0,SPIN
11,0,SPIN
12,0,SPIN
13,0,SPIN
14,0,SPIN
15,0,SPIN
16,0,SPIN
17,0,SPIN
18,0,SPIN
19,0,SPIN
20,0,SPIN
21,0,SPIN
22,0,SPIN
23,0,SPIN
24,0,SPIN
25,0,SPIN
26,0,SPIN
27,0,SPIN
28,0,SPIN
29,0,SPIN
30,0,SPIN
31,0,SPIN
32,0,SPIN
33,0,SPIN
34,0,SPIN
35,0,SPIN
36,0,SPIN
37,0,SPIN
38,0,SPIN
39,0,SPIN
40,0,SPIN
41,0,SPIN
42,0,SPIN
43,0,SPIN
44,0,SPIN
45,0,SPIN
46,0,SPIN
47,0,SPIN
48,0,SPIN
49,0,SPIN
50,0,SPIN
51,0,SPIN
52,0,SPIN
53,0,SPIN
54,0,SPIN
55,0,SPIN
56,0,SPIN
57,0,SPIN
58,0,SPIN
59,0,SPIN
60,0,SPIN
61,0,SPIN
62,0,SPIN
63,0,SPIN
64,0,SPIN
65,0,SPIN
66,0,SPIN
67,0,SPIN
68,0,SPIN
69,0,SPIN
70,0,SPIN
71,0,SPIN
72,0,SPIN
73,0,SPIN
74,0,SPIN
75,0,SPIN
76,0,SPIN
77,0,SPIN
78,0,SPIN
79,0,SPIN
80,0,SPIN
81,0,SPIN
82,0,SPIN
83,0,SPIN
84,0,SPIN
85,0,SPIN
86,0,SPIN
87,0,SPIN
88,0,SPIN
89,0,SPIN
90,0,SPIN
91,0,SPIN
92,0,SPIN
93,0,SPIN
94,0,SPIN
95,0,SPIN
96,0,SPIN
97,0,SPIN
98,0,SPIN
99,0,SPIN
100,0,SPIN
101,0,SPIN
102,0,SPIN
103,0,SPIN
104,0,SPIN
105,0,SPIN
106,0,SPIN
107,0,SPIN
108,0,SPIN
109,0,SPIN
110,0,SPIN
111,0,SPIN
112,0,SPIN
113,0,SPIN
114,0,SPIN
115,0,SPIN
116,0,SPIN
117,0,SPIN
118,0,SPIN
119,0,SPIN
120,0,SPIN
121,0,SPIN
122,0,SPIN
123,0,SPIN
124,0,SPIN
125,0,SPIN
126,0,SPIN
127,0,SPIN
128,0,SPIN
129,0,SPIN
130,0,SPIN
131,0,SPIN
132,0,SPIN
133,0,SPIN
134,0,SPIN
135,0,SPIN
136,0,SPIN
137,0,SPIN
138,0,SPIN
139,0,SPIN
140,0,SPIN
141,4.018388092859501e-4,SPIN
142,0.0010124837795784639,SPIN
143,0.0016103265233115597,SPIN
144,0.002195154174537697,SPIN
145,0.0027667685449779813,SPIN
146,0.003359621435562453,SPIN
147,0.003903830233331125,SPIN
148,0.004468151494681541,SPIN
149,0.0050177341285273696,SPIN
150,0.005552423877263244,SPIN
151,0.00607208315997042,SPIN
152,0.006576591003630827,SPIN
153,0.007065842951305646,SPIN
154,0.007539750947736999,SPIN
155,0.007998243202868884,SPIN
156,0.008410679743841624,SPIN
157,0.008838727271604872,SPIN
158,0.009251252292555693,SPIN
159,0.009618919467911782,SPIN
160,0.010000943847878592,SPIN
161,0.010338991936435601,SPIN
162,0.010662571053767438,SPIN
163,0.010944107824622917,SPIN
164,0.011239525775168903,SPIN
165,0.011493915704265752,SPIN
166,0.011735170047740419,SPIN
167,0.011937454492038998,SPIN
168,0.012127848240857678,SPIN
169,0.012306489317752838,SPIN
170,0.01244882265706216,SPIN
171,0.012580697185075974,SPIN
172,0.012702269788937237,SPIN
173,0.012790233803107193,SPIN
174,0.012869209389885571,SPIN
175,0.012916700923892115,SPIN
176,0.012934249508445558,SPIN
177,0.012945246366180241,SPIN
178,0.012928369730129341,SPIN
179,0.012906199938368869,SPIN
180,0.0128581736908335,SPIN
181,0.012785743039382003,SPIN
182,0.012710282627421141,SPIN
183,0.012612317542097642,SPIN
184,0.012512438954396876,SPIN
185,0.012391874397445135,SPIN
186,0.012270447608486494,SPIN
187,0.012148225066723995,SPIN
188,0.012007456737015094,SPIN
189,0.011884336955097599,SPIN
190,0.011743460956936732,SPIN
191,0.011602848012748706,SPIN
192,0.011446044770503379,SPIN
193,0.011290371524670976,SPIN
194,0.011135844188740874,SPIN
195,0.010982477916159935,SPIN
196,0.010815033188083873,SPIN
197,0.010664473485722926,SPIN
198,0.01048577599821447,SPIN
199,0.010324090709643031,SPIN
200,0.010150208865445855,SPIN
201,0.009978907173826681,SPIN
202,0.009810154362959202,SPIN
203,0.009643919400287687,SPIN
204,0.00946714928008023,SPIN
205,0.009293475316388421,SPIN
206,0.009122846088318504,SPIN
207,0.008942943563456863,SPIN
208,0.008766588716385493,SPIN
209,0.008593711586898372,SPIN
210,0.00841268770470048,SPIN
211,0.008246901672333183,SPIN
212,0.008062172887378783,SPIN
213,0.007892622948474513,SPIN
214,0.007716056808334777,SPIN
215,0.007543588104202432,SPIN
216,0.007375118263602302,SPIN
217,0.007210551167109035,SPIN
218,0.007039933234873351,SPIN
219,0.006873511579565055,SPIN
220,0.006701699311975465,SPIN
221,0.006534327957905328,SPIN
222,0.006371276863076795,SPIN
223,0.006212428808136045,SPIN
224,0.006048903379911525,SPIN
225,0.0058897733883866675,SPIN
226,0.005734913906283839,SPIN
227,0.005575930847872422,SPIN
228,0.005421367589043032,SPIN
229,0.005271093339286866,SPIN
230,0.005117168920578105,SPIN
231,0.004967644463472603,SPIN
232,0.00482238501976072,SPIN
233,0.004673876325268497,SPIN
234,0.0045224622253902695,SPIN
235,0.004375577871051073,SPIN
236,0.004233074906878654,SPIN
237,0.004087951137086411,SPIN
238,0.0039472272465505874,SPIN
239,0.003810755144074464,SPIN
240,0.003671893196212266,SPIN
241,0.0035372791220761525,SPIN
242,0.003406767650458961,SPIN
243,0.003274055701269865,SPIN
244,0.003145436928569945,SPIN
245,0.0030148345498652394,SPIN
246,0.0028942238277136923,SPIN
247,0.0027717327856772314,SPIN
248,0.002647804873707526,SPIN
249,0.0025342574740619,SPIN
250,0.002420553423737466,SPIN
251,0.0023137694950491083,SPIN
252,0.0022162323973969537,SPIN
253,0.002131615416971219,SPIN
254,0.002059887243052578,SPIN
255,0.00201372832652666,SPIN
256,0.002002621569847438,SPIN
257,0.002037794204391756,SPIN
258,0.0021321154480970967,SPIN
259,0.002290772246562498,SPIN
260,0.0025406252622873836,SPIN
261,0.002873433767906148,SPIN
262,0.0032981179512458097,SPIN
263,0.00381263016862091,SPIN
264,0.00440292866995044,SPIN
265,0.005047784881267791,SPIN
266,0.005717307645770616,SPIN
267,0.0063738268057350195,SPIN
268,0.0069262622488774055,SPIN
269,0.007403249447955853,SPIN
270,0.007720137302758008,SPIN
271,0.0077619285351546346,SPIN
272,0.007613364618339871,SPIN
273,0.0071765716503669206,SPIN
274,0.006334596730814666,SPIN
275,0.005255481248464927,SPIN
276,0.003735162397197949,SPIN
277,0.0018851694650074474,SPIN
278,0,SPIN
279,0,SPIN
280,0,SPIN
281,0,SPIN
282,0,SPIN
283,0,SPIN
284,0,SPIN
285,0,SPIN
286,0,SPIN
287,0,SPIN
288,0,SPIN
289,0,SPIN
290,0,SPIN
291,0,SPIN
292,0,SPIN
293,0,SPIN
294,0,SPIN
295,0,SPIN
296,0,SPIN
297,0,SPIN
298,0,SPIN
299,0,SPIN
300,0,SPIN
301,0,SPIN
302,0,SPIN
303,0,SPIN
304,0,SPIN
305,0,SPIN
306,0,SPIN
307,0,SPIN
308,0,SPIN
309,0,SPIN
310,0,SPIN
311,0,SPIN
312,0,SPIN
313,0,SPIN
314,0,SPIN
315,0,SPIN
316,0,SPIN
317,0,SPIN
318,0,SPIN
319,0,SPIN
320,0,SPIN
321,0,SPIN
322,0,SPIN
323,0,SPIN
324,0,SPIN
325,0,SPIN
326,0,SPIN
327,0,SPIN
328,0,SPIN
329,0,SPIN
330,0,SPIN
331,0,SPIN
332,0,SPIN
333,0,SPIN
334,0,SPIN
335,0,SPIN
336,0,SPIN
337,0,SPIN
338,0,SPIN
339,0,SPIN
340,0,SPIN
341,0,SPIN
342,0,SPIN
343,0,SPIN
344,0,SPIN
345,0,SPIN
346,0,SPIN
347,0,SPIN
348,0,SPIN
349,0,SPIN
350,0,SPIN
351,0,SPIN
352,0,SPIN
353,0,SPIN
354,0,SPIN
355,0,SPIN
356,0,SPIN
357,0,SPIN
358,0,SPIN
359,0,SPIN
360,0,SPIN
361,0,SPIN
362,0,SPIN
363,0,SPIN
364,0,SPIN
365,0,SPIN
1,0,BRF
2,0,BRF
3,0,BRF
4,0,BRF
5,0,BRF
6,0,BRF
7,0,BRF
8,0,BRF
9,0,BRF
10,0,BRF
11,0,BRF
12,0,BRF
13,0,BRF
14,0,BRF
15,0,BRF
16,0,BRF
17,0,BRF
18,0,BRF
19,0,BRF
20,0,BRF
21,0,BRF
22,0,BRF
23,0,BRF
24,0,BRF
25,0,BRF
26,0,BRF
27,0,BRF
28,0,BRF
29,0,BRF
30,0,BRF
31,0,BRF
32,0,BRF
33,0,BRF
34,0,BRF
35,0,BRF
36,0,BRF
37,0,BRF
38,0,BRF
39,0,BRF
40,0,BRF
41,0,BRF
42,0,BRF
43,0,BRF
44,0,BRF
45,0,BRF
46,0,BRF
47,0,BRF
48,0,BRF
49,0,BRF
50,0,BRF
51,0,BRF
52,0,BRF
53,0,BRF
54,0,BRF
55,0,BRF
56,0,BRF
57,0,BRF
58,0,BRF
59,0,BRF
60,0,BRF
61,0,BRF
62,0,BRF
63,0,BRF
64,0,BRF
65,0,BRF
66,0,BRF
67,0,BRF
68,0,BRF
69,0,BRF
70,0,BRF
71,0,BRF
72,0,BRF
73,0,BRF
74,0,BRF
75,0,BRF
76,0,BRF
77,0,BRF
78,0,BRF
79,0,BRF
80,0,BRF
81,0,BRF
82,0,BRF
83,0,BRF
84,0,BRF
85,0,BRF
86,0,BRF
87,0,BRF
88,0,BRF
89,0,BRF
90,0,BRF
91,0,BRF
92,0,BRF
93,0,BRF
94,0,BRF
95,0,BRF
96,0,BRF
97,0,BRF
98,0,BRF
99,0,BRF
100,0,BRF
101,0,BRF
102,0,BRF
103,0,BRF
104,0,BRF
105,0,BRF
106,0,BRF
107,0,BRF
108,0,BRF
109,0,BRF
110,0,BRF
111,0,BRF
112,0,BRF
113,0,BRF
114,0,BRF
115,0,BRF
116,0,BRF
117,0,BRF
118,0,BRF
119,0,BRF
120,0,BRF
121,0,BRF
122,0,BRF
123,0,BRF
124,0,BRF
125,0,BRF
126,0,BRF
127,0,BRF
128,0,BRF
129,0,BRF
130,0,BRF
131,0,BRF
132,0,BRF
133,0,BRF
134,0,BRF
135,0,BRF
136,8.941669593285079e-5,BRF
137,4.6471824043614254e-4,BRF
138,8.103721269621372e-4,BRF
139,0.001148622620860101,BRF
140,0.0014793661206030265,BRF
141,0.0018237128124736165,BRF
142,0.0021598674749615837,BRF
143,0.0024877311637433244,BRF
144,0.002807213892228455,BRF
145,0.00313848289004212,BRF
146,0.0034406789707423133,BRF
147,0.0037540261388359156,BRF
148,0.004058162847380706,BRF
149,0.004353027919316812,BRF
150,0.004657580647868989,BRF
151,0.004933439961217865,BRF
152,0.0051998949909954845,BRF
153,0.005456924258320026,BRF
154,0.005722511119420009,BRF
155,0.005960325724914155,BRF
156,0.006188699862439757,BRF
157,0.006407649769979798,BRF
158,0.006617200587296104,BRF
159,0.006817386175524706,BRF
160,0.006991797638515211,BRF
161,0.007173743406239365,BRF
162,0.007330544487848971,BRF
163,0.007478819092485367,BRF
164,0.007603223368514103,BRF
165,0.007735047530917168,BRF
166,0.007843690065178866,BRF
167,0.007930116594261053,BRF
168,0.00802410787366206,BRF
169,0.008096597789044193,BRF
170,0.008148557186342702,BRF
171,0.008208269516755955,BRF
172,0.008234762878906031,BRF
173,0.008269348525353012,BRF
174,0.008272522831538537,BRF
175,0.008271440509801413,BRF
176,0.008266209035116606,BRF
177,0.008244721871269298,BRF
178,0.008219877776030539,BRF
179,0.008168270683334457,BRF
180,0.008126160015912319,BRF
181,0.008058935348614724,BRF
182,0.007990391371951556,BRF
183,0.007909728241757346,BRF
184,0.00782841015102574,BRF
185,0.007736047692321433,BRF
186,0.007643649842045839,BRF
187,0.007551251929280524,BRF
188,0.007458888385164495,BRF
189,0.007356963215880381,BRF
190,0.007255626375923223,BRF
191,0.007154896014883603,BRF
192,0.007045733378134355,BRF
193,0.006937675132767449,BRF
194,0.006830723507078753,BRF
195,0.006724880316573137,BRF
196,0.006620146973772784,BRF
197,0.006508358427137639,BRF
198,0.006398105583251072,BRF
199,0.006281542763033542,BRF
200,0.0061668972452014505,BRF
201,0.00605414181869451,BRF
202,0.005943249570216992,BRF
203,0.0058341938828062705,BRF
204,0.005719895542204446,BRF
205,0.0056077515476177465,BRF
206,0.005490960775386027,BRF
207,0.005383223797122094,BRF
208,0.00527103741319007,BRF
209,0.005161188993499189,BRF
210,0.0050474137880421035,BRF
211,0.00493620641583608,BRF
212,0.004827507620350097,BRF
213,0.004721259541523547,BRF
214,0.004611691071201447,BRF
215,0.0045047604132260975,BRF
216,0.004400401809112393,BRF
217,0.004293184712978038,BRF
218,0.004188692174718079,BRF
219,0.004086851911498057,BRF
220,0.003982552431044349,BRF
221,0.0038810265830452545,BRF
222,0.003782196883008114,BRF
223,0.0036859881123183077,BRF
224,0.0035876859994656033,BRF
225,0.003492097048951478,BRF
226,0.003394687184394342,BRF
227,0.003304424501791478,BRF
228,0.003208085469528678,BRF
229,0.003118772378488426,BRF
230,0.0030278877003090308,BRF
231,0.002939666358575831,BRF
232,0.0028500777608986365,BRF
233,0.0027631825101169225,BRF
234,0.002678897322329795,BRF
235,0.0025934288629759477,BRF
236,0.0025069781429314596,BRF
237,0.0024233662847705706,BRF
238,0.0023427123759282003,BRF
239,0.002261965280763808,BRF
240,0.0021856721875598535,BRF
241,0.002115809572747466,BRF
242,0.002052794072211165,BRF
243,0.002006556918631399,BRF
244,0.0019876044076474675,BRF
245,0.0020118431542897734,BRF
246,0.002097651227970734,BRF
247,0.00227250866467102,BRF
248,0.0025775019830058315,BRF
249,0.0030385318260569773,BRF
250,0.003691192853288135,BRF
251,0.004560463837207918,BRF
252,0.005659393181377702,BRF
253,0.006967369880912186,BRF
254,0.008469336842693865,BRF
255,0.010123731697804304,BRF
256,0.011870023943101632,BRF
257,0.013641816867790398,BRF
258,0.015331185880027836,BRF
259,0.016898653097939705,BRF
260,0.01828038038468238,BRF
261,0.019480678627360987,BRF
262,0.020306912476779182,BRF
263,0.02090440980093712,BRF
264,0.021215074717807692,BRF
265,0.02124781514867146,BRF
266,0.020942697635624345,BRF
267,0.020473039733801875,BRF
268,0.01979277629385667,BRF
269,0.018846109126847817,BRF
270,0.017831145740171157,BRF
271,0.01660348414149441,BRF
272,0.015362750321307178,BRF
273,0.013954443380777712,BRF
274,0.012577983120421753,BRF
275,0.011070338094771634,BRF
276,0.009534723073577719,BRF
277,0.007983656110358528,BRF
278,0.006426607079563518,BRF
279,0.004780901209900692,BRF
280,0.0032331764742812488,BRF
281,0.0016082696338878093,BRF
282,0,BRF
283,0,BRF
284,0,BRF
285,0,BRF
286,0,BRF
287,0,BRF
288,0,BRF
289,0,BRF
290,0,BRF
291,0,BRF
292,0,BRF
293,0,BRF
294,0,BRF
295,0,BRF
296,0,BRF
297,0,BRF
298,0,BRF
299,0,BRF
300,0,BRF
301,0,BRF
302,0,BRF
303,0,BRF
304,0,BRF
305,0,BRF
306,0,BRF
307,0,BRF
308,0,BRF
309,0,BRF
310,0,BRF
311,0,BRF
312,0,BRF
313,0,BRF
314,0,BRF
315,0,BRF
316,0,BRF
317,0,BRF
318,0,BRF
319,0,BRF
320,0,BRF
321,0,BRF
322,0,BRF
323,0,BRF
324,0,BRF
325,0,BRF
326,0,BRF
327,0,BRF
328,0,BRF
329,0,BRF
330,0,BRF
331,0,BRF
332,0,BRF
333,0,BRF
334,0,BRF
335,0,BRF
336,0,BRF
337,0,BRF
338,0,BRF
339,0,BRF
340,0,BRF
341,0,BRF
342,0,BRF
343,0,BRF
344,0,BRF
345,0,BRF
346,0,BRF
347,0,BRF
348,0,BRF
349,0,BRF
350,0,BRF
351,0,BRF
352,0,BRF
353,0,BRF
354,0,BRF
355,0,BRF
356,0,BRF
357,0,BRF
358,0,BRF
359,0,BRF
360,0,BRF
361,0,BRF
362,0,BRF
363,0,BRF
364,0,BRF
365,0,BRF
1,0,BRF2
2,0,BRF2
3,0,BRF2
4,0,BRF2
5,0,BRF2
6,0,BRF2
7,0,BRF2
8,0,BRF2
9,0,BRF2
10,0,BRF2
11,0,BRF2
12,0,BRF2
13,0,BRF2
14,0,BRF2
15,0,BRF2
16,0,BRF2
17,0,BRF2
18,0,BRF2
19,0,BRF2
20,0,BRF2
21,0,BRF2
22,0,BRF2
23,0,BRF2
24,0,BRF2
25,0,BRF2
26,0,BRF2
27,0,BRF2
28,0,BRF2
29,0,BRF2
30,0,BRF2
31,0,BRF2
32,0,BRF2
33,0,BRF2
34,0,BRF2
35,0,BRF2
36,0,BRF2
37,0,BRF2
38,0,BRF2
39,0,BRF2
40,0,BRF2
41,0,BRF2
42,0,BRF2
43,0,BRF2
44,0,BRF2
45,0,BRF2
46,0,BRF2
47,0,BRF2
48,0,BRF2
49,0,BRF2
50,0,BRF2
51,0,BRF2
52,0,BRF2
53,0,BRF2
54,0,BRF2
55,0,BRF2
56,0,BRF2
57,0,BRF2
58,0,BRF2
59,0,BRF2
60,0,BRF2
61,0,BRF2
62,0,BRF2
63,0,BRF2
64,0,BRF2
65,0,BRF2
66,0,BRF2
67,0,BRF2
68,0,BRF2
69,0,BRF2
70,0,BRF2
71,0,BRF2
72,0,BRF2
73,0,BRF2
74,0,BRF2
75,0,BRF2
76,0,BRF2
77,0,BRF2
78,0,BRF2
79,0,BRF2
80,0,BRF2
81,0,BRF2
82,0,BRF2
83,0,BRF2
84,0,BRF2
85,0,BRF2
86,0,BRF2
87,0,BRF2
88,0,BRF2
89,0,BRF2
90,0,BRF2
91,0,BRF2
92,0,BRF2
93,0,BRF2
94,0,BRF2
95,0,BRF2
96,0,BRF2
97,0,BRF2
98,0,BRF2
99,0,BRF2
100,0,BRF2
101,0,BRF2
102,0,BRF2
103,0,BRF2
104,0,BRF2
105,0,BRF2
106,0,BRF2
107,0,BRF2
108,0,BRF2
109,0,BRF2
110,0,BRF2
111,0,BRF2
112,0,BRF2
113,0,BRF2
114,0,BRF2
115,0,BRF2
116,0,BRF2
117,0,BRF2
118,0,BRF2
119,0,BRF2
120,0,BRF2
121,0,BRF2
122,0,BRF2
123,0,BRF2
124,0,BRF2
125,0,BRF2
126,0,BRF2
127,0,BRF2
128,0,BRF2
129,0,BRF2
130,0,BRF2
131,0,BRF2
132,0,BRF2
133,0,BRF2
134,0,BRF2
135,0,BRF2
136,4.584054208399837e-5,BRF2
137,4.084282282383335e-4,BRF2
138,7.635756326755497e-4,BRF2
139,0.0011111672383264436,BRF2
140,0.001473081815630955,BRF2
141,0.0018049837117020788,BRF2
142,0.0021505257340692055,BRF2
143,0.002487599137627213,BRF2
144,0.002837125951841817,BRF2
145,0.0031566998190572793,BRF2
146,0.003488059152870708,BRF2
147,0.0038100658309330585,BRF2
148,0.004122645793442284,BRF2
149,0.004425735240714528,BRF2
150,0.004719280560526807,BRF2
151,0.005003238241768685,BRF2
152,0.005296558856659575,BRF2
153,0.005560915234897577,BRF2
154,0.005815605152655886,BRF2
155,0.006060624905744639,BRF2
156,0.006295980264922209,BRF2
157,0.006521686314357927,BRF2
158,0.00673776727915979,BRF2
159,0.006944256342426693,BRF2
160,0.007141195452297914,BRF2
161,0.00731201689925898,BRF2
162,0.007474026820356894,BRF2
163,0.007627297685989166,BRF2
164,0.007771908675500269,BRF2
165,0.00789237864174028,BRF2
166,0.008004997125233854,BRF2
167,0.008109863710008687,BRF2
168,0.008192295233552539,BRF2
169,0.008267814985406602,BRF2
170,0.008336535009931116,BRF2
171,0.008384549644951328,BRF2
172,0.0084266170897519,BRF2
173,0.008449335910337011,BRF2
174,0.008466955592155366,BRF2
175,0.008466566306840785,BRF2
176,0.008449129522077567,BRF2
177,0.008440675620480322,BRF2
178,0.008403566915452776,BRF2
179,0.008363690944607052,BRF2
180,0.008309303057207265,BRF2
181,0.008252902064763574,BRF2
182,0.008171804940035362,BRF2
183,0.008089965489633113,BRF2
184,0.008007436683065765,BRF2
185,0.007913547518915012,BRF2
186,0.007830114279707458,BRF2
187,0.007725537585636199,BRF2
188,0.007631595048594862,BRF2
189,0.007527812624119734,BRF2
190,0.0074246158423371764,BRF2
191,0.007322023547440438,BRF2
192,0.007220053875591592,BRF2
193,0.0071096093813585734,BRF2
194,0.007000289110747979,BRF2
195,0.006892095118545005,BRF2
196,0.00677646208890788,BRF2
197,0.006662401181622128,BRF2
198,0.006549899125679196,BRF2
199,0.006438942574367399,BRF2
200,0.006321635772233381,BRF2
201,0.0062062585099915855,BRF2
202,0.006092783402902532,BRF2
203,0.005973780911231073,BRF2
204,0.0058570139992159135,BRF2
205,0.005742442493457194,BRF2
206,0.005630026905994424,BRF2
207,0.0055129223463497405,BRF2
208,0.005398253561545665,BRF2
209,0.005285969887465515,BRF2
210,0.005176021713806232,BRF2
211,0.005062103227020593,BRF2
212,0.004950751806530867,BRF2
213,0.004835908416258142,BRF2
214,0.004729704027585589,BRF2
215,0.004614380721646887,BRF2
216,0.004507624741393458,BRF2
217,0.004403430995496147,BRF2
218,0.0042963316076447865,BRF2
219,0.004186655719035343,BRF2
220,0.00408508155856921,BRF2
221,0.003980998933692038,BRF2
222,0.0038796784485857893,BRF2
223,0.0037761706171563748,BRF2
224,0.0036802948633074275,BRF2
225,0.0035775988843932565,BRF2
226,0.003482420724309845,BRF2
227,0.003385368713704732,BRF2
228,0.0032910817362549,BRF2
229,0.003199476095075389,BRF2
230,0.0031062445947038207,BRF2
231,0.0030157435279137617,BRF2
232,0.002923826749035908,BRF2
233,0.0028346711298239393,BRF2
234,0.0027442864775825593,BRF2
235,0.002656686202376022,BRF2
236,0.0025718023045399442,BRF2
237,0.002485927880714558,BRF2
238,0.0024029947282286682,BRF2
239,0.002319740125546905,BRF2
240,0.002240599849947593,BRF2
241,0.0021671283579363203,BRF2
242,0.0020989748807446924,BRF2
243,0.002045050055465072,BRF2
244,0.0020142503714485646,BRF2
245,0.0020168651760664067,BRF2
246,0.00207913489800958,BRF2
247,0.0022155725266190425,BRF2
248,0.0024676001315493646,BRF2
249,0.002860180835858337,BRF2
250,0.003430345688442134,BRF2
251,0.004204553306469234,BRF2
252,0.0052000676273498605,BRF2
253,0.006403607560470402,BRF2
254,0.007806563609903388,BRF2
255,0.009374648744064556,BRF2
256,0.011053996987003975,BRF2
257,0.012752051256935867,BRF2
258,0.014458550936317515,BRF2
259,0.016034129882908327,BRF2
260,0.017454210104734656,BRF2
261,0.018658737578845338,BRF2
262,0.019616322174646532,BRF2
263,0.020300104871264643,BRF2
264,0.020702097503672728,BRF2
265,0.02082625600570422,BRF2
266,0.02060917917463623,BRF2
267,0.020219170990453655,BRF2
268,0.019525842713081547,BRF2
269,0.018721398382342738,BRF2
270,0.017753784792906357,BRF2
271,0.016559841551393648,BRF2
272,0.015344127005579177,BRF2
273,0.013949538986827952,BRF2
274,0.012578635031296026,BRF2
275,0.011066450516354518,BRF2
276,0.009519871856861066,BRF2
277,0.007951761170623817,BRF2
278,0.006372624366216145,BRF2
279,0.004698796181678937,BRF2
280,0.0031215171068462956,BRF2
281,0.0014624882816635138,BRF2
282,0,BRF2
283,0,BRF2
284,0,BRF2
285,0,BRF2
286,0,BRF2
287,0,BRF2
288,0,BRF2
289,0,BRF2
290,0,BRF2
291,0,BRF2
292,0,BRF2
293,0,BRF2
294,0,BRF2
295,0,BRF2
296,0,BRF2
297,0,BRF2
298,0,BRF2
299,0,BRF2
300,0,BRF2
301,0,BRF2
302,0,BRF2
303,0,BRF2
304,0,BRF2
305,0,BRF2
306,0,BRF2
307,0,BRF2
308,0,BRF2
309,0,BRF2
310,0,BRF2
311,0,BRF2
312,0,BRF2
313,0,BRF2
314,0,BRF2
315,0,BRF2
316,0,BRF2
317,0,BRF2
318,0,BRF2
319,0,BRF2
320,0,BRF2
321,0,BRF2
322,0,BRF2
323,0,BRF2
324,0,BRF2
325,0,BRF2
326,0,BRF2
327,0,BRF2
328,0,BRF2
329,0,BRF2
330,0,BRF2
331,0,BRF2
332,0,BRF2
333,0,BRF2
334,0,BRF2
335,0,BRF2
336,0,BRF2
337,0,BRF2
338,0,BRF2
339,0,BRF2
340,0,BRF2
341,0,BRF2
342,0,BRF2
343,0,BRF2
344,0,BRF2
345,0,BRF2
346,0,BRF2
347,0,BRF2
348,0,BRF2
349,0,BRF2
350,0,BRF2
351,0,BRF2
352,0,BRF2
353,0,BRF2
354,0,BRF2
355,0,BRF2
356,0,BRF2
357,0,BRF2
358,0,BRF2
359,0,BRF2
360,0,BRF2
361,0,BRF2
362,0,BRF2
363,0,BRF2
364,0,BRF2
365,0,BRF2
1,0,Chipman2
2,0,Chipman2
3,0,Chipman2
4,0,Chipman2
5,0,Chipman2
6,0,Chipman2
7,0,Chipman2
8,0,Chipman2
9,0,Chipman2
10,0,Chipman2
11,0,Chipman2
12,0,Chipman2
13,0,Chipman2
14,0,Chipman2
15,0,Chipman2
16,0,Chipman2
17,0,Chipman2
18,0,Chipman2
19,0,Chipman2
20,0,Chipman2
21,0,Chipman2
22,0,Chipman2
23,0,Chipman2
24,0,Chipman2
25,0,Chipman2
26,0,Chipman2
27,0,Chipman2
28,0,Chipman2
29,0,Chipman2
30,0,Chipman2
31,0,Chipman2
32,0,Chipman2
33,0,Chipman2
34,0,Chipman2
35,0,Chipman2
36,0,Chipman2
37,0,Chipman2
38,0,Chipman2
39,0,Chipman2
40,0,Chipman2
41,0,Chipman2
42,0,Chipman2
43,0,Chipman2
44,0,Chipman2
45,0,Chipman2
46,0,Chipman2
47,0,Chipman2
48,0,Chipman2
49,0,Chipman2
50,0,Chipman2
51,0,Chipman2
52,0,Chipman2
53,0,Chipman2
54,0,Chipman2
55,0,Chipman2
56,0,Chipman2
57,0,Chipman2
58,0,Chipman2
59,0,Chipman2
60,0,Chipman2
61,0,Chipman2
62,0,Chipman2
63,0,Chipman2
64,0,Chipman2
65,0,Chipman2
66,0,Chipman2
67,0,Chipman2
68,0,Chipman2
69,0,Chipman2
70,0,Chipman2
71,0,Chipman2
72,0,Chipman2
73,0,Chipman2
74,0,Chipman2
75,0,Chipman2
76,0,Chipman2
77,0,Chipman2
78,0,Chipman2
79,0,Chipman2
80,0,Chipman2
81,0,Chipman2
82,0,Chipman2
83,0,Chipman2
84,0,Chipman2
85,0,Chipman2
86,0,Chipman2
87,0,Chipman2
88,0,Chipman2
89,0,Chipman2
90,0,Chipman2
91,0,Chipman2
92,0,Chipman2
93,0,Chipman2
94,0,Chipman2
95,0,Chipman2
96,0,Chipman2
97,0,Chipman2
98,0,Chipman2
99,0,Chipman2
100,0,Chipman2
101,0,Chipman2
102,0,Chipman2
103,0,Chipman2
104,0,Chipman2
105,0,Chipman2
106,0,Chipman2
107,0,Chipman2
108,0,Chipman2
109,0,Chipman2
110,0,Chipman2
111,0,Chipman2
112,0,Chipman2
113,0,Chipman2
114,0,Chipman2
115,0,Chipman2
116,0,Chipman2
117,0,Chipman2
118,0,Chipman2
119,0,Chipman2
120,0,Chipman2
121,0,Chipman2
122,0,Chipman2
123,0,Chipman2
124,0,Chipman2
125,0,Chipman2
126,0,Chipman2
127,4.3064828055751395e-5,Chipman2
128,1.8473318321877912e-4,Chipman2
129,3.164223644130151e-4,Chipman2
130,4.522097483947878e-4,Chipman2
131,5.711622472466435e-4,Chipman2
132,6.941143485842994e-4,Chipman2
133,8.073284818639781e-4,Chipman2
134,9.176579921955104e-4,Chipman2
135,0.0010250702591637305,Chipman2
136,0.0011230443718263758,Chipman2
137,0.0012182222741455616,Chipman2
138,0.0013105866046320422,Chipman2
139,0.0013938722940154448,Chipman2
140,0.001480669909367983,Chipman2
141,0.0015646214254459651,Chipman2
142,0.0016457205228766994,Chipman2
143,0.001729887875858657,Chipman2
144,0.0018110093484956123,Chipman2
145,0.0018890829351701983,Chipman2
146,0.0019641096301562357,Chipman2
147,0.0020416870408123023,Chipman2
148,0.0021105230321457422,Chipman2
149,0.0021817579786191405,Chipman2
150,0.0022444363033541576,Chipman2
151,0.0023093731895061534,Chipman2
152,0.0023711274768933185,Chipman2
153,0.0024297177262192983,Chipman2
154,0.0024851654128559796,Chipman2
155,0.002532567671718464,Chipman2
156,0.002581924032313795,Chipman2
157,0.0026282200131912937,Chipman2
158,0.0026668091392110624,Chipman2
159,0.002707202408306313,Chipman2
160,0.0027401256053228872,Chipman2
161,0.002770333195398042,Chipman2
162,0.0027935153435771336,Chipman2
163,0.002818536886617174,Chipman2
164,0.0028367822153965417,Chipman2
165,0.002852686185834735,Chipman2
166,0.0028662955541905793,Chipman2
167,0.0028737053514907534,Chipman2
168,0.002879112239309261,Chipman2
169,0.0028787663841754797,Chipman2
170,0.002876706230585792,Chipman2
171,0.0028729785949002965,Chipman2
172,0.0028640594304218214,Chipman2
173,0.0028537539589231506,Chipman2
174,0.0028386825008826374,Chipman2
175,0.0028191443754182993,Chipman2
176,0.002798713210387395,Chipman2
177,0.0027774261474001576,Chipman2
178,0.0027490364639474454,Chipman2
179,0.002720210853025482,Chipman2
180,0.0026909770389880513,Chipman2
181,0.0026584215286145478,Chipman2
182,0.002622801503233622,Chipman2
183,0.0025843652674849625,Chipman2
184,0.002546101513414933,Chipman2
185,0.0025053333873074333,Chipman2
186,0.00246491415202559,Chipman2
187,0.0024248493287811696,Chipman2
188,0.002385144133486593,Chipman2
189,0.002343349713126481,Chipman2
190,0.002302067497866125,Chipman2
191,0.0022612969232841244,Chipman2
192,0.0022187475167829763,Chipman2
193,0.002179080066338652,Chipman2
194,0.0021377335657813607,Chipman2
195,0.002094886565359579,Chipman2
196,0.0020548812789802384,Chipman2
197,0.002013458766587253,Chipman2
198,0.001972772280867691,Chipman2
199,0.0019308666162451066,Chipman2
200,0.0018897918526718557,Chipman2
201,0.0018495328919393547,Chipman2
202,0.0018100748793085963,Chipman2
203,0.0017696335666898097,Chipman2
204,0.0017317988010339817,Chipman2
205,0.0016913439810418277,Chipman2
206,0.0016534827227561134,Chipman2
207,0.0016148353199162348,Chipman2
208,0.001577091235705481,Chipman2
209,0.0015386937340681017,Chipman2
210,0.0015027498484493167,Chipman2
211,0.0014661808958900708,Chipman2
212,0.0014290894200106447,Chipman2
213,0.001394365899306281,Chipman2
214,0.001359138716068152,Chipman2
215,0.001324832504705719,Chipman2
216,0.0012901213158202551,Chipman2
217,0.0012563639704444125,Chipman2
218,0.0012235487896567385,Chipman2
219,0.0011904962555546396,Chipman2
220,0.0011598655378141575,Chipman2
221,0.001129894638443323,Chipman2
222,0.0011025959916147092,Chipman2
223,0.0010841105589201748,Chipman2
224,0.0010858583953861816,Chipman2
225,0.001131236825797507,Chipman2
226,0.0012613850468871101,Chipman2
227,0.001545783501050907,Chipman2
228,0.0020797526886899152,Chipman2
229,0.0029746198250410146,Chipman2
230,0.00434086630979276,Chipman2
231,0.0062455500970970915,Chipman2
232,0.00869589363599011,Chipman2
233,0.011590783045745123,Chipman2
234,0.014769226100463646,Chipman2
235,0.017999189739607176,Chipman2
236,0.021012150063168096,Chipman2
237,0.023620951093504226,Chipman2
238,0.025659933396455104,Chipman2
239,0.027100389062538477,Chipman2
240,0.02792620161454102,Chipman2
241,0.02824297722714538,Chipman2
242,0.02815197078143474,Chipman2
243,0.027723017262757183,Chipman2
244,0.02712276581542345,Chipman2
245,0.026323453690133537,Chipman2
246,0.025488400144692683,Chipman2
247,0.02458836800704126,Chipman2
248,0.023683892245456983,Chipman2
249,0.022758073518415578,Chipman2
250,0.021884820772619547,Chipman2
251,0.02100427187674986,Chipman2
252,0.020150741639747054,Chipman2
253,0.01932461853618793,Chipman2
254,0.018496246659464078,Chipman2
255,0.017695559048986044,Chipman2
256,0.016921619257166152,Chipman2
257,0.01617343814478043,Chipman2
258,0.0154500243251312,Chipman2
259,0.014750407055333191,Chipman2
260,0.014047340514636531,Chipman2
261,0.013393163195741143,Chipman2
262,0.012734617342153582,Chipman2
263,0.012097299061570265,Chipman2
264,0.011504927425713315,Chipman2
265,0.010906960341226624,Chipman2
266,0.010327759974603886,Chipman2
267,0.009766561879126065,Chipman2
268,0.009222632306374476,Chipman2
269,0.008695266821273182,Chipman2
270,0.008183788978372313,Chipman2
271,0.007687549058227282,Chipman2
272,0.007205922861603176,Chipman2
273,0.006738310558932702,Chipman2
274,0.006284135592400211,Chipman2
275,0.0058428436280834346,Chipman2
276,0.00541390155568469,Chipman2
277,0.004976566588017952,Chipman2
278,0.00455117453126176,Chipman2
279,0.004137209277318567,Chipman2
280,0.0037341741701202714,Chipman2
281,0.0033415911041801707,Chipman2
282,0.0029400317170999416,Chipman2
283,0.002548513067585282,Chipman2
284,0.0021665704123969517,Chipman2
285,0.0017937558643256882,Chipman2
286,0.001411540900464669,Chipman2
287,0.0010380196712508384,Chipman2
288,6.727551050755888e-4,Chipman2
289,3.153252748918069e-4,Chipman2
290,0,Chipman2
291,0,Chipman2
292,0,Chipman2
293,0,Chipman2
294,0,Chipman2
295,0,Chipman2
296,0,Chipman2
297,0,Chipman2
298,0,Chipman2
299,0,Chipman2
300,0,Chipman2
301,0,Chipman2
302,0,Chipman2
303,0,Chipman2
304,0,Chipman2
305,0,Chipman2
306,0,Chipman2
307,0,Chipman2
308,0,Chipman2
309,0,Chipman2
310,0,Chipman2
311,0,Chipman2
312,0,Chipman2
313,0,Chipman2
314,0,Chipman2
315,0,Chipman2
316,0,Chipman2
317,0,Chipman2
318,0,Chipman2
319,0,Chipman2
320,0,Chipman2
321,0,Chipman2
322,0,Chipman2
323,0,Chipman2
324,0,Chipman2
325,0,Chipman2
326,0,Chipman2
327,0,Chipman2
328,0,Chipman2
329,0,Chipman2
330,0,Chipman2
331,0,Chipman2
332,0,Chipman2
333,0,Chipman2
334,0,Chipman2
335,0,Chipman2
336,0,Chipman2
337,0,Chipman2
338,0,Chipman2
339,0,Chipman2
340,0,Chipman2
341,0,Chipman2
342,0,Chipman2
343,0,Chipman2
344,0,Chipman2
345,0,Chipman2
346,0,Chipman2
347,0,Chipman2
348,0,Chipman2
349,0,Chipman2
350,0,Chipman2
351,0,Chipman2
352,0,Chipman2
353,0,Chipman2
354,0,Chipman2
355,0,Chipman2
356,0,Chipman2
357,0,Chipman2
358,0,Chipman2
359,0,Chipman2
360,0,Chipman2
361,0,Chipman2
362,0,Chipman2
363,0,Chipman2
364,0,Chipman2
365,0,Chipman2
1,0,Major
2,0,Major
3,0,Major
4,0,Major
5,0,Major
6,0,Major
7,0,Major
8,0,Major
9,0,Major
10,0,Major
11,0,Major
12,0,Major
13,0,Major
14,0,Major
15,0,Major
16,0,Major
17,0,Major
18,0,Major
19,0,Major
20,0,Major
21,0,Major
22,0,Major
23,0,Major
24,0,Major
25,0,Major
26,0,Major
27,0,Major
28,0,Major
29,0,Major
30,0,Major
31,0,Major
32,0,Major
33,0,Major
34,0,Major
35,0,Major
36,0,Major
37,0,Major
38,0,Major
39,0,Major
40,0,Major
41,0,Major
42,0,Major
43,0,Major
44,0,Major
45,0,Major
46,0,Major
47,0,Major
48,0,Major
49,0,Major
50,0,Major
51,0,Major
52,0,Major
53,0,Major
54,0,Major
55,0,Major
56,0,Major
57,0,Major
58,0,Major
59,0,Major
60,0,Major
61,0,Major
62,0,Major
63,0,Major
64,0,Major
65,0,Major
66,0,Major
67,0,Major
68,0,Major
69,0,Major
70,0,Major
71,0,Major
72,0,Major
73,0,Major
74,0,Major
75,0,Major
76,0,Major
77,0,Major
78,0,Major
79,0,Major
80,0,Major
81,0,Major
82,0,Major
83,0,Major
84,0,Major
85,0,Major
86,0,Major
87,0,Major
88,0,Major
89,0,Major
90,0,Major
91,0,Major
92,0,Major
93,0,Major
94,0,Major
95,0,Major
96,0,Major
97,0,Major
98,0,Major
99,0,Major
100,0,Major
101,0,Major
102,0,Major
103,0,Major
104,0,Major
105,0,Major
106,0,Major
107,0,Major
108,0,Major
109,0,Major
110,0,Major
111,0,Major
112,0,Major
113,0,Major
114,0,Major
115,0,Major
116,0,Major
117,0,Major
118,0,Major
119,0,Major
120,0,Major
121,0,Major
122,0,Major
123,0,Major
124,0,Major
125,0,Major
126,9.964722480817769e-5,Major
127,2.2191636259230734e-4,Major
128,3.415855008414185e-4,Major
129,4.525641901683604e-4,Major
130,5.669422464969102e-4,Major
131,6.72665636623655e-4,Major
132,7.757359499047084e-4,Major
133,8.703537274448299e-4,Major
134,9.680969487407377e-4,Major
135,0.001057468621881585,Major
136,0.0011386694624204087,Major
137,0.0012173942918095647,Major
138,0.0012936325674201051,Major
139,0.0013673761911585118,Major
140,0.0014386194818532883,Major
141,0.001507359144743717,Major
142,0.0015787199522912896,Major
143,0.0016474108091868891,Major
144,0.0017134322965425793,Major
145,0.0017767875847130182,Major
146,0.0018423178667986726,Major
147,0.001900261810061869,Major
148,0.001960252170518946,Major
149,0.0020174392605068854,Major
150,0.002071836440150188,Major
151,0.002123459698117263,Major
152,0.002172327583969935,Major
153,0.002218461137768583,Major
154,0.002261883817105173,Major
155,0.0023026214217387693,Major
156,0.0023407020160100076,Major
157,0.0023761558492125063,Major
158,0.0024090152741001957,Major
159,0.0024393146637101916,Major
160,0.0024632713014074714,Major
161,0.0024849183004627237,Major
162,0.0025042952660987118,Major
163,0.0025214431797102236,Major
164,0.0025364043197308814,Major
165,0.0025457538527307077,Major
166,0.0025531768177702164,Major
167,0.002555385854003867,Major
168,0.002555927315945187,Major
169,0.002554845012930021,Major
170,0.002549051643394319,Major
171,0.0025418885786320875,Major
172,0.0025303965439913514,Major
173,0.0025177815416811485,Major
174,0.0025012082520277854,Major
175,0.0024837492434382283,Major
176,0.002462689037603361,Major
177,0.002440969129214583,Major
178,0.002415989752867011,Major
179,0.002387990800248687,Major
180,0.0023597204201950064,Major
181,0.0023262835675805,Major
182,0.002295309733040374,Major
183,0.002259571480092605,Major
184,0.0022240594722023983,Major
185,0.002186539657762674,Major
186,0.0021515864197053517,Major
187,0.002112601251318195,Major
188,0.002076218533427864,Major
189,0.0020402207930476225,Major
190,0.002002616031561929,Major
191,0.0019655214657691255,Major
192,0.0019270326465036492,Major
193,0.001891022462004127,Major
194,0.0018536999448606538,Major
195,0.0018152160215435405,Major
196,0.0017791720296542952,Major
197,0.0017420341217905195,Major
198,0.0017055871218447324,Major
199,0.001668211528341629,Major
200,0.0016316043288824203,Major
201,0.0015957509308592252,Major
202,0.0015606369911348801,Major
203,0.001526248412393246,Major
204,0.0014911457699597216,Major
205,0.0014554377992551178,Major
206,0.0014219430271964935,Major
207,0.0013878732722689912,Major
208,0.0013546198287063356,Major
209,0.0013209003269584183,Major
210,0.001289269170133408,Major
211,0.0012571924383468118,Major
212,0.0012247552575446513,Major
213,0.001194330150491493,Major
214,0.001163560909366997,Major
215,0.0011325383397828364,Major
216,0.0011035284799733262,Major
217,0.0010745708703297208,Major
218,0.0010475398304829126,Major
219,0.0010237613723651571,Major
220,0.0010104723961961344,Major
221,0.0010221718858557645,Major
222,0.0010878615368924557,Major
223,0.0012628253120810496,Major
224,0.001633537576340082,Major
225,0.0023169096815533457,Major
226,0.0034402831599759966,Major
227,0.0051190718354580805,Major
228,0.007395867226390262,Major
229,0.010223383532101485,Major
230,0.013449033698131187,Major
231,0.016810113517726155,Major
232,0.020040180495559078,Major
233,0.022859922992667748,Major
234,0.02511275720389926,Major
235,0.026721448558462185,Major
236,0.02766769194034964,Major
237,0.028030799722922956,Major
238,0.027957673597272845,Major
239,0.02756989616435803,Major
240,0.02694297565575354,Major
241,0.026193338021896915,Major
242,0.02538084297152028,Major
243,0.024515223989506965,Major
244,0.0236512977856266,Major
245,0.022773924562751187,Major
246,0.021947550026958015,Major
247,0.021118609947247482,Major
248,0.020290002831068583,Major
249,0.019515779707717534,Major
250,0.018742135080070905,Major
251,0.017995132561609464,Major
252,0.01724915414582118,Major
253,0.01655320392498082,Major
254,0.015857244010685615,Major
255,0.015185155407340336,Major
256,0.014535981358487332,Major
257,0.01390880393623721,Major
258,0.013280754986643408,Major
259,0.012695536342725237,Major
260,0.012108548295942925,Major
261,0.011541126315852855,Major
262,0.01099247200450837,Major
263,0.010461820142108415,Major
264,0.009948437167689471,Major
265,0.009451619731285719,Major
266,0.008970693314569622,Major
267,0.008505010916731523,Major
268,0.008035436970641404,Major
269,0.007598800953369671,Major
270,0.007175600585645457,Major
271,0.006765287784823993,Major
272,0.006367336246662623,Major
273,0.005964102236592014,Major
274,0.005589703319338478,Major
275,0.005226190445676731,Major
276,0.004873115676734258,Major
277,0.004513869589045406,Major
278,0.004164717408071852,Major
279,0.003825226878279248,Major
280,0.003479449036493935,Major
281,0.0031582950619852977,Major
282,0.002830451360486896,Major
283,0.0025110965283973254,Major
284,0.00218507967035525,Major
285,0.0018817587217579937,Major
286,0.0015713782289903102,Major
287,0.0012683567267921458,Major
288,9.582407518596243e-4,Major
289,6.690279101595364e-4,Major
290,3.7232406742243346e-4,Major
291,8.188150890754237e-5,Major
292,0,Major
293,0,Major
294,0,Major
295,0,Major
296,0,Major
297,0,Major
298,0,Major
299,0,Major
300,0,Major
301,0,Major
302,0,Major
303,0,Major
304,0,Major
305,0,Major
306,0,Major
307,0,Major
308,0,Major
309,0,Major
310,0,Major
311,0,Major
312,0,Major
313,0,Major
314,0,Major
315,0,Major
316,0,Major
317,0,Major
318,0,Major
319,0,Major
320,0,Major
321,0,Major
322,0,Major
323,0,Major
324,0,Major
325,0,Major
326,0,Major
327,0,Major
328,0,Major
329,0,Major
330,0,Major
331,0,Major
332,0,Major
333,0,Major
334,0,Major
335,0,Major
336,0,Major
337,0,Major
338,0,Major
339,0,Major
340,0,Major
341,0,Major
342,0,Major
343,0,Major
344,0,Major
345,0,Major
346,0,Major
347,0,Major
348,0,Major
349,0,Major
350,0,Major
351,0,Major
352,0,Major
353,0,Major
354,0,Major
355,0,Major
356,0,Major
357,0,Major
358,0,Major
359,0,Major
360,0,Major
361,0,Major
362,0,Major
363,0,Major
364,0,Major
365,0,Major
1,0,Lourie
2,0,Lourie
3,0,Lourie
4,0,Lourie
5,0,Lourie
6,0,Lourie
7,0,Lourie
8,0,Lourie
9,0,Lourie
10,0,Lourie
11,0,Lourie
12,0,Lourie
13,0,Lourie
14,0,Lourie
15,0,Lourie
16,0,Lourie
17,0,Lourie
18,0,Lourie
19,0,Lourie
20,0,Lourie
21,0,Lourie
22,0,Lourie
23,0,Lourie
24,0,Lourie
25,0,Lourie
26,0,Lourie
27,0,Lourie
28,0,Lourie
29,0,Lourie
30,0,Lourie
31,0,Lourie
32,0,Lourie
33,0,Lourie
34,0,Lourie
35,0,Lourie
36,0,Lourie
37,0,Lourie
38,0,Lourie
39,0,Lourie
40,0,Lourie
41,0,Lourie
42,0,Lourie
43,0,Lourie
44,0,Lourie
45,0,Lourie
46,0,Lourie
47,0,Lourie
48,0,Lourie
49,0,Lourie
50,0,Lourie
51,0,Lourie
52,0,Lourie
53,0,Lourie
54,0,Lourie
55,0,Lourie
56,0,Lourie
57,0,Lourie
58,0,Lourie
59,0,Lourie
60,0,Lourie
61,0,Lourie
62,0,Lourie
63,0,Lourie
64,0,Lourie
65,0,Lourie
66,0,Lourie
67,0,Lourie
68,0,Lourie
69,0,Lourie
70,0,Lourie
71,0,Lourie
72,0,Lourie
73,0,Lourie
74,0,Lourie
75,0,Lourie
76,0,Lourie
77,0,Lourie
78,0,Lourie
79,0,Lourie
80,0,Lourie
81,0,Lourie
82,0,Lourie
83,0,Lourie
84,0,Lourie
85,0,Lourie
86,0,Lourie
87,0,Lourie
88,0,Lourie
89,0,Lourie
90,0,Lourie
91,0,Lourie
92,0,Lourie
93,0,Lourie
94,0,Lourie
95,0,Lourie
96,0,Lourie
97,0,Lourie
98,0,Lourie
99,0,Lourie
100,0,Lourie
101,0,Lourie
102,0,Lourie
103,0,Lourie
104,0,Lourie
105,0,Lourie
106,0,Lourie
107,0,Lourie
108,0,Lourie
109,0,Lourie
110,0,Lourie
111,0,Lourie
112,0,Lourie
113,0,Lourie
114,0,Lourie
115,0,Lourie
116,0,Lourie
117,0,Lourie
118,0,Lourie
119,0,Lourie
120,0,Lourie
121,0,Lourie
122,0,Lourie
123,0,Lourie
124,0,Lourie
125,0,Lourie
126,1.2248010468892876e-4,Lourie
127,2.4244528456157926e-4,Lourie
128,3.598372913462954e-4,Lourie
129,4.7460139813300785e-4,Lourie
130,5.808195640421653e-4,Lourie
131,6.844532627889951e-4,Lourie
132,7.854649526507463e-4,Lourie
133,8.838203006895915e-4,Lourie
134,9.738911073946371e-4,Lourie
135,0.0010613989174637628,Lourie
136,0.0011408654121647255,Lourie
137,0.0012178886387210202,Lourie
138,0.0012924587745145961,Lourie
139,0.0013593200603624115,Lourie
140,0.0014290541241602033,Lourie
141,0.0015014288809422367,Lourie
142,0.0015661378101223503,Lourie
143,0.0016333444932701989,Lourie
144,0.0016979227973899964,Lourie
145,0.0017646978439714782,Lourie
146,0.001823936146941044,Lourie
147,0.0018852405407732186,Lourie
148,0.001939167901018893,Lourie
149,0.0019950405024323826,Lourie
150,0.002048168431012157,Lourie
151,0.0020985678320745685,Lourie
152,0.0021462573616619005,Lourie
153,0.0021912581168193014,Lourie
154,0.002233593563366191,Lourie
155,0.0022732894613343418,Lourie
156,0.002310373788246691,Lourie
157,0.0023448766604122783,Lourie
158,0.0023768302524136862,Lourie
159,0.00240244924081314,Lourie
160,0.002429511895739733,Lourie
161,0.0024504542882810097,Lourie
162,0.002469167811624163,Lourie
163,0.002485693042093959,Lourie
164,0.0024965994983340394,Lourie
165,0.0025055727190733826,Lourie
166,0.0025126555918673988,Lourie
167,0.002514621803263085,Lourie
168,0.0025181562693420323,Lourie
169,0.002513656650872357,Lourie
170,0.002507772999709326,Lourie
171,0.002500546925568692,Lourie
172,0.002492020150824956,Lourie
173,0.002476468531171666,Lourie
174,0.002462835672811406,Lourie
175,0.0024426607323411393,Lourie
176,0.0024245094170415138,Lourie
177,0.002400281170241658,Lourie
178,0.0023755907532403073,Lourie
179,0.00234794094260368,Lourie
180,0.0023200282167311786,Lourie
181,0.002289462749951291,Lourie
182,0.0022564615798484,Lourie
183,0.0022212338054091673,Lourie
184,0.0021862318918946465,Lourie
185,0.002149264324196449,Lourie
186,0.0021148183706532495,Lourie
187,0.0020785208660818177,Lourie
188,0.0020405532182613904,Lourie
189,0.00200509489755098,Lourie
190,0.0019680642467880915,Lourie
191,0.0019315379134043234,Lourie
192,0.0018955137187425832,Lourie
193,0.0018581676208918923,Lourie
194,0.001821429825293898,Lourie
195,0.001785293606221435,Lourie
196,0.001748056734840765,Lourie
197,0.0017115119161283982,Lourie
198,0.001675648337072254,Lourie
199,0.001640455305305738,Lourie
200,0.0016043825344011962,Lourie
201,0.0015690543389365865,Lourie
202,0.0015344565104119614,Lourie
203,0.0014991432382975463,Lourie
204,0.0014646213057217976,Lourie
205,0.0014308734866883195,Lourie
206,0.0013978829183866838,Lourie
207,0.0013643337283518295,Lourie
208,0.0013315897189341407,Lourie
209,0.001299631566236745,Lourie
210,0.0012672323746364047,Lourie
211,0.0012356566649369032,Lourie
212,0.0012048832742234128,Lourie
213,0.0011737690980707773,Lourie
214,0.0011434910335858125,Lourie
215,0.001114046731232174,Lourie
216,0.0010844535757009435,Lourie
217,0.001056107127500985,Lourie
218,0.0010299912274096673,Lourie
219,0.0010090177394977463,Lourie
220,9.99790682900932e-4,Lourie
221,0.0010206157980754142,Lourie
222,0.0011053551464525581,Lourie
223,0.0013179503967054862,Lourie
224,0.0017486649624774968,Lourie
225,0.0025246721688883837,Lourie
226,0.0037731294931174406,Lourie
227,0.005596589914234413,Lourie
228,0.008024933583972845,Lourie
229,0.010973382725949077,Lourie
230,0.014261362330394566,Lourie
231,0.01761167879428263,Lourie
232,0.02075762906736075,Lourie
233,0.023437320202193607,Lourie
234,0.025514916785831957,Lourie
235,0.026939928498475808,Lourie
236,0.027716874380314938,Lourie
237,0.027940946043636432,Lourie
238,0.02779310184447829,Lourie
239,0.027301521724596902,Lourie
240,0.02666129917807619,Lourie
241,0.025888019379068365,Lourie
242,0.025036822676055243,Lourie
243,0.024201621352842415,Lourie
244,0.02334356846292139,Lourie
245,0.02247555218573652,Lourie
246,0.02165934844324326,Lourie
247,0.020841699741132126,Lourie
248,0.02005116455453797,Lourie
249,0.019261757779212414,Lourie
250,0.018499637805701005,Lourie
251,0.01778845736158225,Lourie
252,0.017053185830930642,Lourie
253,0.01636712841014258,Lourie
254,0.015681291128573607,Lourie
255,0.015019040569183021,Lourie
256,0.014379430036126533,Lourie
257,0.013761551700678122,Lourie
258,0.013164535306761503,Lourie
259,0.012587546643776376,Lourie
260,0.012009044969203422,Lourie
261,0.011449895540451109,Lourie
262,0.0109093083494231,Lourie
263,0.010406197737937564,Lourie
264,0.009900025591996191,Lourie
265,0.009410260497823068,Lourie
266,0.00893623430901791,Lourie
267,0.008477306206475469,Lourie
268,0.0080147694235042765,Lourie
269,0.007584608968971957,Lourie
270,0.0071677560113578955,Lourie
271,0.0067636679537341335,Lourie
272,0.006371823823047146,Lourie
273,0.005991723292589642,Lourie
274,0.005622885749712758,Lourie
275,0.005264849406516855,Lourie
276,0.00491717045137583,Lourie
277,0.0045636311280902505,Lourie
278,0.004220107295286233,Lourie
279,0.0038861710874434903,Lourie
280,0.0035614110914374527,Lourie
281,0.003230475679856597,Lourie
282,0.002923128223675041,Lourie
283,0.0026092232274953216,Lourie
284,0.0022889814536853005,Lourie
285,0.0019910280489643327,Lourie
286,0.0016863438709571038,Lourie
287,0.0013889852350450018,Lourie
288,0.001098594721904928,Lourie
289,8.148277052368837e-4,Lourie
290,5.239179179132126e-4,Lourie
291,2.525569160748335e-4,Lourie
292,0,Lourie
293,0,Lourie
294,0,Lourie
295,0,Lourie
296,0,Lourie
297,0,Lourie
298,0,Lourie
299,0,Lourie
300,0,Lourie
301,0,Lourie
302,0,Lourie
303,0,Lourie
304,0,Lourie
305,0,Lourie
306,0,Lourie
307,0,Lourie
308,0,Lourie
309,0,Lourie
310,0,Lourie
311,0,Lourie
312,0,Lourie
313,0,Lourie
314,0,Lourie
315,0,Lourie
316,0,Lourie
317,0,Lourie
318,0,Lourie
319,0,Lourie
320,0,Lourie
321,0,Lourie
322,0,Lourie
323,0,Lourie
324,0,Lourie
325,0,Lourie
326,0,Lourie
327,0,Lourie
328,0,Lourie
329,0,Lourie
330,0,Lourie
331,0,Lourie
332,0,Lourie
333,0,Lourie
334,0,Lourie
335,0,Lourie
336,0,Lourie
337,0,Lourie
338,0,Lourie
339,0,Lourie
340,0,Lourie
341,0,Lourie
342,0,Lourie
343,0,Lourie
344,0,Lourie
345,0,Lourie
346,0,Lourie
347,0,Lourie
348,0,Lourie
349,0,Lourie
350,0,Lourie
351,0,Lourie
352,0,Lourie
353,0,Lourie
354,0,Lourie
355,0,Lourie
356,0,Lourie
357,0,Lourie
358,0,Lourie
359,0,Lourie
360,0,Lourie
361,0,Lourie
362,0,Lourie
363,0,Lourie
364,0,Lourie
365,0,Lourie
1,0,mean
2,0,mean
3,0,mean
4,0,mean
5,0,mean
6,0,mean
7,0,mean
8,0,mean
9,0,mean
10,0,mean
11,0,mean
12,0,mean
13,0,mean
14,0,mean
15,0,mean
16,0,mean
17,0,mean
18,0,mean
19,0,mean
20,0,mean
21,0,mean
22,0,mean
23,0,mean
24,0,mean
25,0,mean
26,0,mean
27,0,mean
28,0,mean
29,0,mean
30,0,mean
31,0,mean
32,0,mean
33,0,mean
34,0,mean
35,0,mean
36,0,mean
37,0,mean
38,0,mean
39,0,mean
40,0,mean
41,0,mean
42,0,mean
43,0,mean
44,0,mean
45,0,mean
46,0,mean
47,0,mean
48,0,mean
49,0,mean
50,0,mean
51,0,mean
52,0,mean
53,0,mean
54,0,mean
55,0,mean
56,0,mean
57,0,mean
58,0,mean
59,0,mean
60,0,mean
61,0,mean
62,0,mean
63,0,mean
64,0,mean
65,0,mean
66,0,mean
67,0,mean
68,0,mean
69,0,mean
70,0,mean
71,0,mean
72,0,mean
73,0,mean
74,0,mean
75,0,mean
76,0,mean
77,0,mean
78,0,mean
79,0,mean
80,0,mean
81,0,mean
82,0,mean
83,0,mean
84,0,mean
85,0,mean
86,0,mean
87,0,mean
88,0,mean
89,0,mean
90,0,mean
91,0,mean
92,0,mean
93,0,mean
94,0,mean
95,0,mean
96,0,mean
97,0,mean
98,0,mean
99,0,mean
100,0,mean
101,0,mean
102,0,mean
103,0,mean
104,0,mean
105,0,mean
106,0,mean
107,0,mean
108,0,mean
109,0,mean
110,0,mean
111,0,mean
112,0,mean
113,0,mean
114,0,mean
115,0,mean
116,0,mean
117,0,mean
118,0,mean
119,0,mean
120,0,mean
121,0,mean
122,0,mean
123,0,mean
124,0,mean
125,0,mean
126,0,mean
127,0,mean
128,0,mean
129,0,mean
130,0,mean
131,0,mean
132,0,mean
133,0,mean
134,2.1841737276467963e-4,mean
135,4.627201726345739e-4,mean
136,6.95283113947515e-4,mean
137,9.199480055195884e-4,mean
138,0.001133061232496629,mean
139,0.001340226872101679,mean
140,0.0015486038207145683,mean
141,0.0017534774928338619,mean
142,0.0019582402348633427,mean
143,0.0021583136675270057,mean
144,0.002357043177152606,mean
145,0.0025525280192897236,mean
146,0.0027446276116971885,mean
147,0.0029315569180802053,mean
148,0.003114877868035226,mean
149,0.00329205480179929,mean
150,0.0034654424103996774,mean
151,0.0036325798887314707,mean
152,0.0037949978579323125,mean
153,0.003948074193697322,mean
154,0.0040964420723847185,mean
155,0.0042385680176445185,mean
156,0.004373744798692581,mean
157,0.004501319682575489,mean
158,0.00462139722604242,mean
159,0.004734779562619128,mean
160,0.004840185693728049,mean
161,0.0049371067091662545,mean
162,0.005025745944218853,mean
163,0.0051088992595182126,mean
164,0.00518217773063047,mean
165,0.005249035241605932,mean
166,0.005306546921115737,mean
167,0.005355047889773898,mean
168,0.005399021143187692,mean
169,0.005431565333021022,mean
170,0.005458912733471695,mean
171,0.005478414905993346,mean
172,0.005490957970542785,mean
173,0.005495221212268844,mean
174,0.005493195481833388,mean
175,0.005481538934076031,mean
176,0.005465876045631792,mean
177,0.005442890373263564,mean
178,0.0054134867032075325,mean
179,0.005377079067993367,mean
180,0.00533644932211049,mean
181,0.005286787461550405,mean
182,0.005234116894837068,mean
183,0.005175105756367216,mean
184,0.005114103657100741,mean
185,0.005048298198456624,mean
186,0.004983041131769417,mean
187,0.004915882602610967,mean
188,0.004847789419289032,mean
189,0.004778476873577817,mean
190,0.0047073112691216,mean
191,0.0046359701400366425,mean
192,0.004563418811629322,mean
193,0.0044901583413438865,mean
194,0.0044166495390751325,mean
195,0.004342284670397391,mean
196,0.0042668546169911895,mean
197,0.004192150524564488,mean
198,0.004116578720436347,mean
199,0.00404090554335581,mean
200,0.0039649048068373305,mean
201,0.003889281101219628,mean
202,0.0038137894677468913,mean
203,0.0037387884861406315,mean
204,0.003663191367300153,mean
205,0.0035876783404546276,mean
206,0.0035136806282951,mean
207,0.003438785622927376,mean
208,0.0033649595076588722,mean
209,0.00329170132806633,mean
210,0.003219054491222083,mean
211,0.003146331167859103,mean
212,0.003074336404950971,mean
213,0.003003567616651848,mean
214,0.0029326551758895327,mean
215,0.00286258630386425,mean
216,0.002793602330637579,mean
217,0.0027250687809538057,mean
218,0.002657871178495826,mean
219,0.0025903617337487334,mean
220,0.0025244448141776847,mean
221,0.002459694603079868,mean
222,0.0023951493787233396,mean
223,0.0023319980921220436,mean
224,0.00226930083125454,mean
225,0.002207640700515304,mean
226,0.002146843094578427,mean
227,0.002086920917885964,mean
228,0.0020282231225430937,mean
229,0.001970079140023949,mean
230,0.0019127003339234423,mean
231,0.0018560016662805155,mean
232,0.0018003250372396007,mean
233,0.001746104131049566,mean
234,0.0016939209409134362,mean
235,0.0016468166812929987,mean
236,0.0016087127629760443,mean
237,0.0015890110741952485,mean
238,0.0016029953025556694,mean
239,0.0016745828053685214,mean
240,0.0018400686381872613,mean
241,0.0021458486435634973,mean
242,0.0026481752056650588,mean
243,0.0034066672839323897,mean
244,0.004472835036739598,mean
245,0.005878552965607641,mean
246,0.007631180880082405,mean
247,0.009695156475020911,mean
248,0.01200004051570018,mean
249,0.014451321431174682,mean
250,0.016916896996988038,mean
251,0.01928477388297965,mean
252,0.02143588429262872,mean
253,0.023286105296333213,mean
254,0.02475933014751423,mean
255,0.025831854312265784,mean
256,0.026508323603330167,mean
257,0.02680687810622049,mean
258,0.02676053743686739,mean
259,0.026415224057642753,mean
260,0.025821296305837044,mean
261,0.02504009324939793,mean
262,0.02410398244736387,mean
263,0.023064874010791162,mean
264,0.021946722874294014,mean
265,0.020792677128676915,mean
266,0.019593851180489834,mean
267,0.018390935219653102,mean
268,0.017182900536315323,mean
269,0.015994228696184245,mean
270,0.01481831695375391,mean
271,0.013662955971287376,mean
272,0.012530461398603242,mean
273,0.011414476679154385,mean
274,0.010338609428489479,mean
275,0.009279913563309396,mean
276,0.008223627750325778,mean
277,0.007188347864821491,mean
278,0.006151847292972606,mean
279,0.005135660925635355,mean
280,0.004135491527991927,mean
281,0.0031436681709349763,mean
282,0.0021562469257104893,mean
283,0.0011796488261906345,mean
284,1.9628371070405543e-4,mean
285,0,mean
286,0,mean
287,0,mean
288,0,mean
289,0,mean
290,0,mean
291,0,mean
292,0,mean
293,0,mean
294,0,mean
295,0,mean
296,0,mean
297,0,mean
298,0,mean
299,0,mean
300,0,mean
301,0,mean
302,0,mean
303,0,mean
304,0,mean
305,0,mean
306,0,mean
307,0,mean
308,0,mean
309,0,mean
310,0,mean
311,0,mean
312,0,mean
313,0,mean
314,0,mean
315,0,mean
316,0,mean
317,0,mean
318,0,mean
319,0,mean
320,0,mean
321,0,mean
322,0,mean
323,0,mean
324,0,mean
325,0,mean
326,0,mean
327,0,mean
328,0,mean
329,0,mean
330,0,mean
331,0,mean
332,0,mean
333,0,mean
334,0,mean
335,0,mean
336,0,mean
337,0,mean
338,0,mean
339,0,mean
340,0,mean
341,0,mean
342,0,mean
343,0,mean
344,0,mean
345,0,mean
346,0,mean
347,0,mean
348,0,mean
349,0,mean
350,0,mean
351,0,mean
352,0,mean
353,0,mean
354,0,mean
355,0,mean
356,0,mean
357,0,mean
358,0,mean
359,0,mean
360,0,mean
361,0,mean
362,0,mean
363,0,mean
364,0,mean
365,0,mean
